Date,Base_Rate,Treasury_3Y,Spread_Treasury_3Y,Corporate_3Y,Spread_Corporate_3Y,Industrial_1Y,Spread_Industrial_1Y,Stabilization_1Y,Spread_Stabilization_1Y
2021-06-28,0.5,1.47,0.97,1.993,1.493,1.153,0.653,0.973,0.473
2021-06-29,0.5,1.459,0.959,1.977,1.477,1.164,0.664,0.991,0.491
2021-06-30,0.5,1.448,0.948,1.966,1.466,1.166,0.666,0.994,0.494
2021-07-01,0.5,1.469,0.969,1.975,1.475,1.174,0.674,1.005,0.505
2021-07-02,0.5,1.484,0.984,1.984,1.484,1.177,0.677,1.007,0.507
2021-07-05,0.5,1.462,0.962,1.962,1.462,1.165,0.665,0.993,0.493
2021-07-06,0.5,1.465,0.965,1.964,1.464,1.165,0.665,0.988,0.488
2021-07-07,0.5,1.41,0.91,1.915,1.415,1.132,0.632,0.947,0.447
2021-07-08,0.5,1.358,0.858,1.865,1.365,1.094,0.594,0.902,0.402
2021-07-09,0.5,1.375,0.875,1.874,1.374,1.087,0.587,0.894,0.394
2021-07-12,0.5,1.384,0.884,1.877,1.377,1.077,0.577,0.886,0.386
2021-07-13,0.5,1.424,0.924,1.896,1.396,1.081,0.581,0.894,0.394
2021-07-14,0.5,1.39,0.89,1.869,1.369,1.075,0.575,0.882,0.382
2021-07-15,0.5,1.497,0.997,1.938,1.438,1.116,0.616,0.941,0.441
2021-07-16,0.5,1.451,0.951,1.908,1.408,1.123,0.623,0.948,0.448
2021-07-19,0.5,1.459,0.959,1.908,1.408,1.132,0.632,0.954,0.454
2021-07-20,0.5,1.41,0.91,1.864,1.364,1.118,0.618,0.93,0.43
2021-07-21,0.5,1.383,0.883,1.835,1.335,1.109,0.609,0.921,0.421
2021-07-22,0.5,1.397,0.897,1.843,1.343,1.114,0.614,0.923,0.423
2021-07-23,0.5,1.393,0.893,1.841,1.341,1.114,0.614,0.922,0.422
2021-07-26,0.5,1.369,0.869,1.821,1.321,1.107,0.607,0.915,0.415
2021-07-27,0.5,1.38,0.88,1.83,1.33,1.111,0.611,0.916,0.416
2021-07-28,0.5,1.419,0.919,1.853,1.353,1.127,0.627,0.938,0.438
2021-07-29,0.5,1.431,0.931,1.862,1.362,1.138,0.638,0.945,0.445
2021-07-30,0.5,1.417,0.917,1.847,1.347,1.134,0.634,0.941,0.441
2021-08-02,0.5,1.435,0.935,1.858,1.358,1.145,0.645,0.954,0.454
2021-08-03,0.5,1.442,0.942,1.863,1.363,1.148,0.648,0.964,0.464
2021-08-04,0.5,1.418,0.918,1.841,1.341,1.139,0.639,0.962,0.462
2021-08-05,0.5,1.414,0.914,1.836,1.336,1.144,0.644,0.969,0.469
2021-08-06,0.5,1.433,0.933,1.855,1.355,1.164,0.664,0.989,0.489
2021-08-09,0.5,1.436,0.936,1.859,1.359,1.168,0.668,0.996,0.496
2021-08-10,0.5,1.432,0.932,1.855,1.355,1.167,0.667,1.0,0.5
2021-08-11,0.5,1.419,0.919,1.845,1.345,1.165,0.665,1.001,0.501
2021-08-12,0.5,1.413,0.913,1.84,1.34,1.168,0.668,1.005,0.505
2021-08-13,0.5,1.407,0.907,1.834,1.334,1.169,0.669,1.008,0.508
2021-08-17,0.5,1.402,0.902,1.83,1.33,1.163,0.663,1.002,0.502
2021-08-18,0.5,1.389,0.889,1.817,1.317,1.154,0.654,0.993,0.493
2021-08-19,0.5,1.36,0.86,1.79,1.29,1.145,0.645,0.981,0.481
2021-08-20,0.5,1.364,0.864,1.794,1.294,1.149,0.649,0.988,0.488
2021-08-23,0.5,1.389,0.889,1.82,1.32,1.166,0.666,1.007,0.507
2021-08-24,0.5,1.438,0.938,1.862,1.362,1.191,0.691,1.033,0.533
2021-08-25,0.5,1.435,0.935,1.863,1.363,1.201,0.701,1.041,0.541
2021-08-26,0.75,1.398,0.648,1.836,1.086,1.201,0.451,1.05,0.3
2021-08-27,0.75,1.408,0.658,1.842,1.092,1.213,0.463,1.063,0.313
2021-08-30,0.75,1.398,0.648,1.832,1.082,1.212,0.462,1.056,0.306
2021-08-31,0.75,1.395,0.645,1.829,1.079,1.21,0.46,1.049,0.299
2021-09-01,0.75,1.417,0.667,1.848,1.098,1.209,0.459,1.048,0.298
2021-09-02,0.75,1.422,0.672,1.855,1.105,1.21,0.46,1.041,0.291
2021-09-03,0.75,1.437,0.687,1.865,1.115,1.208,0.458,1.03,0.28
2021-09-06,0.75,1.459,0.709,1.881,1.131,1.209,0.459,1.029,0.279
2021-09-07,0.75,1.464,0.714,1.888,1.138,1.208,0.458,1.028,0.278
2021-09-08,0.75,1.489,0.739,1.908,1.158,1.222,0.472,1.033,0.283
2021-09-09,0.75,1.499,0.749,1.921,1.171,1.239,0.489,1.046,0.296
2021-09-10,0.75,1.501,0.751,1.936,1.186,1.263,0.513,1.066,0.316
2021-09-13,0.75,1.525,0.775,1.962,1.212,1.301,0.551,1.087,0.337
2021-09-14,0.75,1.535,0.785,1.975,1.225,1.319,0.569,1.096,0.346
2021-09-15,0.75,1.492,0.742,1.942,1.192,1.319,0.569,1.076,0.326
2021-09-16,0.75,1.51,0.76,1.958,1.208,1.323,0.573,1.082,0.332
2021-09-17,0.75,1.535,0.785,1.978,1.228,1.328,0.578,1.086,0.336
2021-09-23,0.75,1.558,0.808,1.996,1.246,1.333,0.583,1.089,0.339
2021-09-24,0.75,1.575,0.825,2.017,1.267,1.335,0.585,1.085,0.335
2021-09-27,0.75,1.566,0.816,2.015,1.265,1.335,0.585,1.081,0.331
2021-09-28,0.75,1.609,0.859,2.061,1.311,1.357,0.607,1.098,0.348
2021-09-29,0.75,1.603,0.853,2.057,1.307,1.352,0.602,1.102,0.352
2021-09-30,0.75,1.593,0.843,2.049,1.299,1.354,0.604,1.102,0.352
2021-10-01,0.75,1.633,0.883,2.087,1.337,1.367,0.617,1.115,0.365
2021-10-05,0.75,1.65,0.9,2.101,1.351,1.365,0.615,1.116,0.366
2021-10-06,0.75,1.719,0.969,2.171,1.421,1.402,0.652,1.164,0.414
2021-10-07,0.75,1.704,0.954,2.158,1.408,1.387,0.637,1.164,0.414
2021-10-08,0.75,1.701,0.951,2.156,1.406,1.38,0.63,1.161,0.411
2021-10-12,0.75,1.815,1.065,2.262,1.512,1.397,0.647,1.185,0.435
2021-10-13,0.75,1.824,1.074,2.27,1.52,1.396,0.646,1.182,0.432
2021-10-14,0.75,1.813,1.063,2.261,1.511,1.387,0.637,1.174,0.424
2021-10-15,0.75,1.795,1.045,2.249,1.499,1.387,0.637,1.172,0.422
2021-10-18,0.75,1.875,1.125,2.333,1.583,1.425,0.675,1.202,0.452
2021-10-19,0.75,1.866,1.116,2.325,1.575,1.42,0.67,1.194,0.444
2021-10-20,0.75,1.847,1.097,2.318,1.568,1.418,0.668,1.189,0.439
2021-10-21,0.75,1.836,1.086,2.31,1.56,1.408,0.658,1.178,0.428
2021-10-22,0.75,1.889,1.139,2.362,1.612,1.429,0.679,1.197,0.447
2021-10-25,0.75,1.919,1.169,2.387,1.637,1.442,0.692,1.202,0.452
2021-10-26,0.75,1.947,1.197,2.423,1.673,1.477,0.727,1.231,0.481
2021-10-27,0.75,2.044,1.294,2.506,1.756,1.548,0.798,1.305,0.555
2021-10-28,0.75,2.017,1.267,2.487,1.737,1.577,0.827,1.33,0.58
2021-10-29,0.75,2.103,1.353,2.573,1.823,1.654,0.904,1.409,0.659
2021-11-01,0.75,2.108,1.358,2.58,1.83,1.672,0.922,1.444,0.694
2021-11-02,0.75,2.038,1.288,2.542,1.792,1.67,0.92,1.424,0.674
2021-11-03,0.75,2.036,1.286,2.539,1.789,1.67,0.92,1.421,0.671
2021-11-04,0.75,2.04,1.29,2.544,1.794,1.685,0.935,1.419,0.669
2021-11-05,0.75,1.944,1.194,2.468,1.718,1.677,0.927,1.396,0.646
2021-11-08,0.75,1.906,1.156,2.438,1.688,1.664,0.914,1.357,0.607
2021-11-09,0.75,1.865,1.115,2.403,1.653,1.633,0.883,1.33,0.58
2021-11-10,0.75,1.877,1.127,2.417,1.667,1.611,0.861,1.322,0.572
2021-11-11,0.75,1.913,1.163,2.453,1.703,1.604,0.854,1.309,0.559
2021-11-12,0.75,1.968,1.218,2.499,1.749,1.596,0.846,1.309,0.559
2021-11-15,0.75,1.912,1.162,2.457,1.707,1.558,0.808,1.28,0.53
2021-11-16,0.75,1.963,1.213,2.505,1.755,1.572,0.822,1.286,0.536
2021-11-17,0.75,1.974,1.224,2.517,1.767,1.565,0.815,1.28,0.53
2021-11-18,0.75,1.953,1.203,2.501,1.751,1.559,0.809,1.269,0.519
2021-11-19,0.75,1.966,1.216,2.513,1.763,1.572,0.822,1.277,0.527
2021-11-22,0.75,2.018,1.268,2.563,1.813,1.613,0.863,1.311,0.561
2021-11-23,0.75,2.031,1.281,2.582,1.832,1.637,0.887,1.334,0.584
2021-11-24,0.75,2.013,1.263,2.569,1.819,1.648,0.898,1.343,0.593
2021-11-25,1.0,1.933,0.933,2.499,1.499,1.647,0.647,1.331,0.331
2021-11-26,1.0,1.863,0.863,2.433,1.433,1.642,0.642,1.333,0.333
2021-11-29,1.0,1.844,0.844,2.418,1.418,1.656,0.656,1.347,0.347
2021-11-30,1.0,1.799,0.799,2.373,1.373,1.654,0.654,1.344,0.344
2021-12-01,1.0,1.813,0.813,2.385,1.385,1.673,0.673,1.367,0.367
2021-12-02,1.0,1.845,0.845,2.406,1.406,1.672,0.672,1.373,0.373
2021-12-03,1.0,1.9,0.9,2.464,1.464,1.686,0.686,1.391,0.391
2021-12-06,1.0,1.865,0.865,2.436,1.436,1.672,0.672,1.378,0.378
2021-12-07,1.0,1.872,0.872,2.446,1.446,1.671,0.671,1.371,0.371
2021-12-08,1.0,1.831,0.831,2.409,1.409,1.658,0.658,1.356,0.356
2021-12-09,1.0,1.794,0.794,2.385,1.385,1.659,0.659,1.347,0.347
2021-12-10,1.0,1.805,0.805,2.399,1.399,1.666,0.666,1.346,0.346
2021-12-13,1.0,1.79,0.79,2.402,1.402,1.655,0.655,1.325,0.325
2021-12-14,1.0,1.784,0.784,2.402,1.402,1.645,0.645,1.308,0.308
2021-12-15,1.0,1.808,0.808,2.43,1.43,1.648,0.648,1.303,0.303
2021-12-16,1.0,1.766,0.766,2.398,1.398,1.631,0.631,1.278,0.278
2021-12-17,1.0,1.767,0.767,2.398,1.398,1.63,0.63,1.27,0.27
2021-12-20,1.0,1.74,0.74,2.372,1.372,1.626,0.626,1.263,0.263
2021-12-21,1.0,1.72,0.72,2.355,1.355,1.627,0.627,1.263,0.263
2021-12-22,1.0,1.757,0.757,2.392,1.392,1.642,0.642,1.279,0.279
2021-12-23,1.0,1.805,0.805,2.441,1.441,1.657,0.657,1.296,0.296
2021-12-24,1.0,1.798,0.798,2.438,1.438,1.654,0.654,1.293,0.293
2021-12-27,1.0,1.776,0.776,2.411,1.411,1.646,0.646,1.284,0.284
2021-12-28,1.0,1.786,0.786,2.417,1.417,1.656,0.656,1.297,0.297
2021-12-29,1.0,1.783,0.783,2.409,1.409,1.649,0.649,1.29,0.29
2021-12-30,1.0,1.799,0.799,2.417,1.417,1.655,0.655,1.301,0.301
2021-12-31,1.0,1.798,0.798,2.415,1.415,1.656,0.656,1.304,0.304
2022-01-03,1.0,1.855,0.855,2.46,1.46,1.669,0.669,1.319,0.319
2022-01-04,1.0,1.868,0.868,2.474,1.474,1.675,0.675,1.322,0.322
2022-01-05,1.0,1.913,0.913,2.506,1.506,1.646,0.646,1.306,0.306
2022-01-06,1.0,2.013,1.013,2.59,1.59,1.678,0.678,1.338,0.338
2022-01-07,1.0,2.015,1.015,2.593,1.593,1.673,0.673,1.347,0.347
2022-01-10,1.0,2.058,1.058,2.624,1.624,1.68,0.68,1.356,0.356
2022-01-11,1.0,2.038,1.038,2.611,1.611,1.697,0.697,1.369,0.369
2022-01-12,1.0,1.998,0.998,2.576,1.576,1.68,0.68,1.361,0.361
2022-01-13,1.0,1.953,0.953,2.537,1.537,1.688,0.688,1.38,0.38
2022-01-14,1.25,2.044,0.794,2.6,1.35,1.732,0.482,1.419,0.169
2022-01-17,1.25,2.148,0.898,2.699,1.449,1.786,0.536,1.476,0.226
2022-01-18,1.25,2.127,0.877,2.685,1.435,1.783,0.533,1.472,0.222
2022-01-19,1.25,2.073,0.823,2.645,1.395,1.773,0.523,1.46,0.21
2022-01-20,1.25,2.119,0.869,2.684,1.434,1.797,0.547,1.485,0.235
2022-01-21,1.25,2.132,0.882,2.693,1.443,1.789,0.539,1.481,0.231
2022-01-24,1.25,2.112,0.862,2.675,1.425,1.785,0.535,1.481,0.231
2022-01-25,1.25,2.174,0.924,2.725,1.475,1.809,0.559,1.499,0.249
2022-01-26,1.25,2.156,0.906,2.713,1.463,1.812,0.562,1.522,0.272
2022-01-27,1.25,2.217,0.967,2.781,1.531,1.844,0.594,1.551,0.301
2022-01-28,1.25,2.189,0.939,2.765,1.515,1.848,0.598,1.537,0.287
2022-02-03,1.25,2.158,0.908,2.733,1.483,1.836,0.586,1.529,0.279
2022-02-04,1.25,2.194,0.944,2.771,1.521,1.854,0.604,1.548,0.298
2022-02-07,1.25,2.237,0.987,2.815,1.565,1.857,0.607,1.537,0.287
2022-02-08,1.25,2.303,1.053,2.867,1.617,1.858,0.608,1.535,0.285
2022-02-09,1.25,2.279,1.029,2.857,1.607,1.851,0.601,1.541,0.291
2022-02-10,1.25,2.264,1.014,2.85,1.6,1.844,0.594,1.544,0.294
2022-02-11,1.25,2.343,1.093,2.921,1.671,1.865,0.615,1.584,0.334
2022-02-14,1.25,2.347,1.097,2.926,1.676,1.864,0.614,1.571,0.321
2022-02-15,1.25,2.345,1.095,2.928,1.678,1.872,0.622,1.563,0.313
2022-02-16,1.25,2.325,1.075,2.913,1.663,1.866,0.616,1.558,0.308
2022-02-17,1.25,2.295,1.045,2.895,1.645,1.864,0.614,1.547,0.297
2022-02-18,1.25,2.322,1.072,2.916,1.666,1.878,0.628,1.558,0.308
2022-02-21,1.25,2.363,1.113,2.949,1.699,1.885,0.635,1.56,0.31
2022-02-22,1.25,2.327,1.077,2.916,1.666,1.875,0.625,1.542,0.292
2022-02-23,1.25,2.317,1.067,2.913,1.663,1.881,0.631,1.546,0.296
2022-02-24,1.25,2.226,0.976,2.83,1.58,1.868,0.618,1.515,0.265
2022-02-25,1.25,2.244,0.994,2.854,1.604,1.883,0.633,1.536,0.286
2022-02-28,1.25,2.242,0.992,2.855,1.605,1.881,0.631,1.535,0.285
2022-03-02,1.25,2.187,0.937,2.813,1.563,1.865,0.615,1.51,0.26
2022-03-03,1.25,2.195,0.945,2.835,1.585,1.869,0.619,1.516,0.266
2022-03-04,1.25,2.214,0.964,2.848,1.598,1.87,0.62,1.502,0.252
2022-03-07,1.25,2.288,1.038,2.922,1.672,1.901,0.651,1.535,0.285
2022-03-08,1.25,2.287,1.037,2.931,1.681,1.893,0.643,1.519,0.269
2022-03-10,1.25,2.267,1.017,2.933,1.683,1.909,0.659,1.55,0.3
2022-03-11,1.25,2.255,1.005,2.92,1.67,1.889,0.639,1.557,0.307
2022-03-14,1.25,2.283,1.033,2.947,1.697,1.89,0.64,1.554,0.304
2022-03-15,1.25,2.285,1.035,2.965,1.715,1.887,0.637,1.551,0.301
2022-03-16,1.25,2.268,1.018,2.948,1.698,1.874,0.624,1.543,0.293
2022-03-17,1.25,2.217,0.967,2.902,1.652,1.857,0.607,1.522,0.272
2022-03-18,1.25,2.231,0.981,2.911,1.661,1.871,0.621,1.524,0.274
2022-03-21,1.25,2.268,1.018,2.944,1.694,1.88,0.63,1.525,0.275
2022-03-22,1.25,2.399,1.149,3.045,1.795,1.915,0.665,1.555,0.305
2022-03-23,1.25,2.426,1.176,3.073,1.823,1.924,0.674,1.563,0.313
2022-03-24,1.25,2.455,1.205,3.104,1.854,1.943,0.693,1.586,0.336
2022-03-25,1.25,2.505,1.255,3.163,1.913,1.974,0.724,1.615,0.365
2022-03-28,1.25,2.747,1.497,3.394,2.144,2.099,0.849,1.729,0.479
2022-03-29,1.25,2.7,1.45,3.361,2.111,2.096,0.846,1.753,0.503
2022-03-30,1.25,2.615,1.365,3.291,2.041,2.092,0.842,1.753,0.503
2022-03-31,1.25,2.663,1.413,3.34,2.09,2.113,0.863,1.788,0.538
2022-04-01,1.25,2.784,1.534,3.458,2.208,2.157,0.907,1.824,0.574
2022-04-04,1.25,2.837,1.587,3.499,2.249,2.192,0.942,1.852,0.602
2022-04-05,1.25,2.879,1.629,3.542,2.292,2.202,0.952,1.86,0.61
2022-04-06,1.25,2.941,1.691,3.592,2.342,2.264,1.014,1.911,0.661
2022-04-07,1.25,2.905,1.655,3.562,2.312,2.264,1.014,1.922,0.672
2022-04-08,1.25,2.987,1.737,3.636,2.386,2.327,1.077,1.979,0.729
2022-04-11,1.25,3.186,1.936,3.813,2.563,2.394,1.144,2.058,0.808
2022-04-12,1.25,3.105,1.855,3.774,2.524,2.411,1.161,2.069,0.819
2022-04-13,1.25,3.001,1.751,3.688,2.438,2.412,1.162,2.058,0.808
2022-04-14,1.5,2.888,1.388,3.583,2.083,2.349,0.849,1.987,0.487
2022-04-15,1.5,2.944,1.444,3.64,2.14,2.343,0.843,1.979,0.479
2022-04-18,1.5,2.99,1.49,3.689,2.189,2.348,0.848,1.977,0.477
2022-04-19,1.5,2.981,1.481,3.671,2.171,2.321,0.821,1.951,0.451
2022-04-20,1.5,2.957,1.457,3.662,2.162,2.3,0.8,1.926,0.426
2022-04-21,1.5,2.927,1.427,3.647,2.147,2.279,0.779,1.901,0.401
2022-04-22,1.5,2.971,1.471,3.688,2.188,2.286,0.786,1.915,0.415
2022-04-25,1.5,2.857,1.357,3.602,2.102,2.259,0.759,1.888,0.388
2022-04-26,1.5,2.83,1.33,3.584,2.084,2.25,0.75,1.875,0.375
2022-04-27,1.5,2.899,1.399,3.595,2.095,2.253,0.753,1.874,0.374
2022-04-28,1.5,2.925,1.425,3.636,2.136,2.233,0.733,1.845,0.345
2022-04-29,1.5,2.958,1.458,3.68,2.18,2.262,0.762,1.895,0.395
2022-05-02,1.5,3.086,1.586,3.794,2.294,2.31,0.81,1.931,0.431
2022-05-03,1.5,3.139,1.639,3.855,2.355,2.321,0.821,1.94,0.44
2022-05-04,1.5,3.178,1.678,3.887,2.387,2.335,0.835,1.971,0.471
2022-05-06,1.5,3.146,1.646,3.873,2.373,2.338,0.838,1.971,0.471
2022-05-09,1.5,3.062,1.562,3.8,2.3,2.319,0.819,1.937,0.437
2022-05-10,1.5,3.046,1.546,3.783,2.283,2.285,0.785,1.879,0.379
2022-05-11,1.5,2.928,1.428,3.691,2.191,2.254,0.754,1.859,0.359
2022-05-12,1.5,2.9,1.4,3.657,2.157,2.279,0.779,1.874,0.374
2022-05-13,1.5,2.911,1.411,3.673,2.173,2.291,0.791,1.884,0.384
2022-05-16,1.5,3.046,1.546,3.781,2.281,2.358,0.858,1.943,0.443
2022-05-17,1.5,3.031,1.531,3.784,2.284,2.367,0.867,1.955,0.455
2022-05-18,1.5,3.069,1.569,3.832,2.332,2.398,0.898,1.976,0.476
2022-05-19,1.5,3.046,1.546,3.821,2.321,2.405,0.905,1.978,0.478
2022-05-20,1.5,3.011,1.511,3.784,2.284,2.407,0.907,1.968,0.468
2022-05-23,1.5,3.018,1.518,3.796,2.296,2.443,0.943,1.989,0.489
2022-05-24,1.5,2.967,1.467,3.742,2.242,2.438,0.938,1.965,0.465
2022-05-25,1.5,2.946,1.446,3.72,2.22,2.449,0.949,1.952,0.452
2022-05-26,1.75,2.955,1.205,3.733,1.983,2.476,0.726,2.005,0.255
2022-05-27,1.75,2.947,1.197,3.728,1.978,2.486,0.736,2.013,0.263
2022-05-30,1.75,2.942,1.192,3.724,1.974,2.504,0.754,2.022,0.272
2022-05-31,1.75,3.027,1.277,3.807,2.057,2.555,0.805,2.062,0.312
2022-06-02,1.75,3.125,1.375,3.897,2.147,2.604,0.854,2.101,0.351
2022-06-03,1.75,3.121,1.371,3.896,2.146,2.618,0.868,2.142,0.392
2022-06-07,1.75,3.232,1.482,4.001,2.251,2.685,0.935,2.229,0.479
2022-06-08,1.75,3.209,1.459,3.982,2.232,2.707,0.957,2.29,0.54
2022-06-09,1.75,3.171,1.421,3.958,2.208,2.715,0.965,2.279,0.529
2022-06-10,1.75,3.275,1.525,3.996,2.246,2.771,1.021,2.329,0.579
2022-06-13,1.75,3.514,1.764,4.222,2.472,2.896,1.146,2.445,0.695
2022-06-14,1.75,3.548,1.798,4.27,2.52,2.928,1.178,2.487,0.737
2022-06-15,1.75,3.666,1.916,4.371,2.621,3.024,1.274,2.588,0.838
2022-06-16,1.75,3.728,1.978,4.437,2.687,3.114,1.364,2.668,0.918
2022-06-17,1.75,3.745,1.995,4.468,2.718,3.174,1.424,2.671,0.921
2022-06-20,1.75,3.675,1.925,4.414,2.664,3.155,1.405,2.633,0.883
2022-06-21,1.75,3.663,1.913,4.402,2.652,3.144,1.394,2.607,0.857
2022-06-22,1.75,3.522,1.772,4.275,2.525,3.12,1.37,2.573,0.823
2022-06-23,1.75,3.608,1.858,4.363,2.613,3.146,1.396,2.579,0.829
2022-06-24,1.75,3.523,1.773,4.297,2.547,3.14,1.39,2.596,0.846
2022-06-27,1.75,3.568,1.818,4.344,2.594,3.214,1.464,2.669,0.919
2022-06-28,1.75,3.552,1.802,4.339,2.589,3.245,1.495,2.69,0.94
2022-06-29,1.75,3.552,1.802,4.359,2.609,3.336,1.586,2.734,0.984
2022-06-30,1.75,3.55,1.8,4.361,2.611,3.449,1.699,2.843,1.093
2022-07-01,1.75,3.439,1.689,4.257,2.507,3.465,1.715,2.832,1.082
2022-07-04,1.75,3.43,1.68,4.247,2.497,3.475,1.725,2.872,1.122
2022-07-05,1.75,3.301,1.551,4.128,2.378,3.491,1.741,2.869,1.119
2022-07-06,1.75,3.239,1.489,4.086,2.336,3.467,1.717,2.832,1.082
2022-07-07,1.75,3.262,1.512,4.113,2.363,3.476,1.726,2.852,1.102
2022-07-08,1.75,3.315,1.565,4.186,2.436,3.524,1.774,2.902,1.152
2022-07-11,1.75,3.324,1.574,4.198,2.448,3.552,1.802,2.919,1.169
2022-07-12,1.75,3.291,1.541,4.158,2.408,3.583,1.833,2.904,1.154
2022-07-13,2.25,3.211,0.961,4.094,1.844,3.555,1.305,2.904,0.654
2022-07-14,2.25,3.26,1.01,4.139,1.889,3.577,1.327,3.025,0.775
2022-07-15,2.25,3.205,0.955,4.091,1.841,3.56,1.31,2.994,0.744
2022-07-18,2.25,3.212,0.962,4.104,1.854,3.56,1.31,3.05,0.8
2022-07-19,2.25,3.192,0.942,4.092,1.842,3.54,1.29,3.013,0.763
2022-07-20,2.25,3.296,1.046,4.197,1.947,3.559,1.309,3.038,0.788
2022-07-21,2.25,3.294,1.044,4.202,1.952,3.558,1.308,3.025,0.775
2022-07-22,2.25,3.218,0.968,4.135,1.885,3.521,1.271,2.993,0.743
2022-07-25,2.25,3.153,0.903,4.082,1.832,3.509,1.259,2.988,0.738
2022-07-26,2.25,3.121,0.871,4.063,1.813,3.511,1.261,2.997,0.747
2022-07-27,2.25,3.09,0.84,4.033,1.783,3.486,1.236,3.013,0.763
2022-07-28,2.25,3.13,0.88,4.082,1.832,3.493,1.243,3.038,0.788
2022-07-29,2.25,3.009,0.759,3.969,1.719,3.43,1.18,3.006,0.756
2022-08-01,2.25,3.081,0.831,4.043,1.793,3.438,1.188,3.003,0.753
2022-08-02,2.25,3.012,0.762,3.983,1.733,3.405,1.155,2.974,0.724
2022-08-03,2.25,3.065,0.815,4.045,1.795,3.413,1.163,2.976,0.726
2022-08-04,2.25,3.114,0.864,4.091,1.841,3.394,1.144,2.94,0.69
2022-08-05,2.25,3.079,0.829,4.056,1.806,3.353,1.103,2.894,0.644
2022-08-08,2.25,3.134,0.884,4.113,1.863,3.368,1.118,2.923,0.673
2022-08-09,2.25,3.134,0.884,4.119,1.869,3.358,1.108,2.916,0.666
2022-08-10,2.25,3.154,0.904,4.133,1.883,3.36,1.11,2.929,0.679
2022-08-11,2.25,3.124,0.874,4.111,1.861,3.335,1.085,2.901,0.651
2022-08-12,2.25,3.181,0.931,4.159,1.909,3.343,1.093,2.92,0.67
2022-08-16,2.25,3.078,0.828,4.057,1.807,3.306,1.056,2.868,0.618
2022-08-17,2.25,3.087,0.837,4.076,1.826,3.327,1.077,2.888,0.638
2022-08-18,2.25,3.125,0.875,4.114,1.864,3.343,1.093,2.904,0.654
2022-08-19,2.25,3.197,0.947,4.186,1.936,3.358,1.108,2.931,0.681
2022-08-22,2.25,3.245,0.995,4.235,1.985,3.369,1.119,2.951,0.701
2022-08-23,2.25,3.281,1.031,4.27,2.02,3.399,1.149,2.984,0.734
2022-08-24,2.25,3.311,1.061,4.298,2.048,3.43,1.18,3.038,0.788
2022-08-25,2.5,3.531,1.031,4.507,2.007,3.57,1.07,3.206,0.706
2022-08-26,2.5,3.525,1.025,4.499,1.999,3.589,1.089,3.211,0.711
2022-08-29,2.5,3.653,1.153,4.621,2.121,3.651,1.151,3.265,0.765
2022-08-30,2.5,3.642,1.142,4.618,2.118,3.644,1.144,3.244,0.744
2022-08-31,2.5,3.685,1.185,4.658,2.158,3.667,1.167,3.281,0.781
2022-09-01,2.5,3.778,1.278,4.747,2.247,3.709,1.209,3.315,0.815
2022-09-02,2.5,3.678,1.178,4.655,2.155,3.67,1.17,3.264,0.764
2022-09-05,2.5,3.616,1.116,4.596,2.096,3.63,1.13,3.222,0.722
2022-09-06,2.5,3.682,1.182,4.662,2.162,3.669,1.169,3.25,0.75
2022-09-07,2.5,3.685,1.185,4.668,2.168,3.678,1.178,3.244,0.744
2022-09-08,2.5,3.543,1.043,4.541,2.041,3.624,1.124,3.169,0.669
2022-09-13,2.5,3.536,1.036,4.525,2.025,3.633,1.133,3.176,0.676
2022-09-14,2.5,3.585,1.085,4.579,2.079,3.692,1.192,3.227,0.727
2022-09-15,2.5,3.77,1.27,4.759,2.259,3.72,1.22,3.258,0.758
2022-09-16,2.5,3.767,1.267,4.758,2.258,3.724,1.224,3.28,0.78
2022-09-19,2.5,3.759,1.259,4.751,2.251,3.726,1.226,3.279,0.779
2022-09-20,2.5,3.823,1.323,4.806,2.306,3.734,1.234,3.288,0.788
2022-09-21,2.5,3.847,1.347,4.843,2.343,3.791,1.291,3.325,0.825
2022-09-22,2.5,4.104,1.604,5.092,2.592,3.908,1.408,3.441,0.941
2022-09-23,2.5,4.199,1.699,5.189,2.689,4.06,1.56,3.54,1.04
2022-09-26,2.5,4.548,2.048,5.528,3.028,4.326,1.826,3.78,1.28
2022-09-27,2.5,4.304,1.804,5.308,2.808,4.206,1.706,3.729,1.229
2022-09-28,2.5,4.338,1.838,5.342,2.842,4.311,1.811,3.759,1.259
2022-09-29,2.5,4.303,1.803,5.378,2.878,4.323,1.823,3.74,1.24
2022-09-30,2.5,4.186,1.686,5.28,2.78,4.273,1.773,3.65,1.15
2022-10-04,2.5,4.081,1.581,5.175,2.675,4.194,1.694,3.539,1.039
2022-10-05,2.5,4.157,1.657,5.242,2.742,4.21,1.71,3.559,1.059
2022-10-06,2.5,4.145,1.645,5.231,2.731,4.208,1.708,3.554,1.054
2022-10-07,2.5,4.276,1.776,5.358,2.858,4.253,1.753,3.497,0.997
2022-10-11,2.5,4.342,1.842,5.436,2.936,4.25,1.75,3.495,0.995
2022-10-12,3.0,4.107,1.107,5.21,2.21,4.161,1.161,3.415,0.415
2022-10-13,3.0,4.203,1.203,5.31,2.31,4.281,1.281,3.493,0.493
2022-10-14,3.0,4.207,1.207,5.32,2.32,4.296,1.296,3.495,0.495
2022-10-17,3.0,4.239,1.239,5.373,2.373,4.33,1.33,3.533,0.533
2022-10-18,3.0,4.242,1.242,5.408,2.408,4.354,1.354,3.55,0.55
2022-10-19,3.0,4.331,1.331,5.533,2.533,4.486,1.486,3.62,0.62
2022-10-20,3.0,4.35,1.35,5.588,2.588,4.532,1.532,3.64,0.64
2022-10-21,3.0,4.495,1.495,5.736,2.736,4.646,1.646,3.728,0.728
2022-10-24,3.0,4.305,1.305,5.592,2.592,4.624,1.624,3.687,0.687
2022-10-25,3.0,4.221,1.221,5.528,2.528,4.618,1.618,3.666,0.666
2022-10-26,3.0,4.208,1.208,5.553,2.553,4.656,1.656,3.668,0.668
2022-10-27,3.0,4.254,1.254,5.62,2.62,4.725,1.725,3.707,0.707
2022-10-28,3.0,4.112,1.112,5.487,2.487,4.712,1.712,3.677,0.677
2022-10-31,3.0,4.185,1.185,5.58,2.58,4.786,1.786,3.743,0.743
2022-11-01,3.0,4.068,1.068,5.486,2.486,4.76,1.76,3.707,0.707
2022-11-02,3.0,4.095,1.095,5.533,2.533,4.846,1.846,3.777,0.777
2022-11-03,3.0,4.158,1.158,5.616,2.616,4.923,1.923,3.856,0.856
2022-11-04,3.0,4.118,1.118,5.591,2.591,4.92,1.92,3.845,0.845
2022-11-07,3.0,4.186,1.186,5.662,2.662,4.969,1.969,3.875,0.875
2022-11-08,3.0,4.156,1.156,5.642,2.642,4.978,1.978,3.872,0.872
2022-11-09,3.0,4.086,1.086,5.594,2.594,4.959,1.959,3.851,0.851
2022-11-10,3.0,4.033,1.033,5.551,2.551,4.965,1.965,3.869,0.869
2022-11-11,3.0,3.834,0.834,5.361,2.361,4.872,1.872,3.758,0.758
2022-11-14,3.0,3.85,0.85,5.42,2.42,4.901,1.901,3.821,0.821
2022-11-15,3.0,3.753,0.753,5.346,2.346,4.871,1.871,3.793,0.793
2022-11-16,3.0,3.808,0.808,5.416,2.416,4.894,1.894,3.82,0.82
2022-11-17,3.0,3.804,0.804,5.427,2.427,4.884,1.884,3.831,0.831
2022-11-18,3.0,3.787,0.787,5.429,2.429,4.869,1.869,3.835,0.835
2022-11-21,3.0,3.837,0.837,5.492,2.492,4.857,1.857,3.827,0.827
2022-11-22,3.0,3.844,0.844,5.516,2.516,4.853,1.853,3.849,0.849
2022-11-23,3.0,3.849,0.849,5.536,2.536,4.856,1.856,3.855,0.855
2022-11-24,3.25,3.689,0.439,5.402,2.152,4.765,1.515,3.777,0.527
2022-11-25,3.25,3.644,0.394,5.376,2.126,4.69,1.44,3.736,0.486
2022-11-28,3.25,3.669,0.419,5.405,2.155,4.693,1.443,3.754,0.504
2022-11-29,3.25,3.723,0.473,5.468,2.218,4.701,1.451,3.788,0.538
2022-11-30,3.25,3.689,0.439,5.445,2.195,4.654,1.404,3.775,0.525
2022-12-01,3.25,3.65,0.4,5.422,2.172,4.557,1.307,3.742,0.492
2022-12-02,3.25,3.616,0.366,5.386,2.136,4.442,1.192,3.706,0.456
2022-12-05,3.25,3.609,0.359,5.37,2.12,4.455,1.205,3.656,0.406
2022-12-06,3.25,3.633,0.383,5.387,2.137,4.444,1.194,3.652,0.402
2022-12-07,3.25,3.672,0.422,5.411,2.161,4.422,1.172,3.658,0.408
2022-12-08,3.25,3.676,0.426,5.412,2.162,4.424,1.174,3.683,0.433
2022-12-09,3.25,3.657,0.407,5.391,2.141,4.407,1.157,3.689,0.439
2022-12-12,3.25,3.623,0.373,5.383,2.133,4.382,1.132,3.687,0.437
2022-12-13,3.25,3.623,0.373,5.374,2.124,4.372,1.122,3.703,0.453
2022-12-14,3.25,3.53,0.28,5.272,2.022,4.311,1.061,3.667,0.417
2022-12-15,3.25,3.536,0.286,5.263,2.013,4.308,1.058,3.702,0.452
2022-12-16,3.25,3.539,0.289,5.227,1.977,4.283,1.033,3.713,0.463
2022-12-19,3.25,3.545,0.295,5.217,1.967,4.269,1.019,3.722,0.472
2022-12-20,3.25,3.685,0.435,5.333,2.083,4.318,1.068,3.796,0.546
2022-12-21,3.25,3.638,0.388,5.272,2.022,4.266,1.016,3.765,0.515
2022-12-22,3.25,3.567,0.317,5.192,1.942,4.218,0.968,3.746,0.496
2022-12-23,3.25,3.623,0.373,5.215,1.965,4.224,0.974,3.776,0.526
2022-12-26,3.25,3.663,0.413,5.235,1.985,4.225,0.975,3.793,0.543
2022-12-27,3.25,3.662,0.412,5.219,1.969,4.195,0.945,3.782,0.532
2022-12-28,3.25,3.668,0.418,5.203,1.953,4.193,0.943,3.787,0.537
2022-12-29,3.25,3.719,0.469,5.238,1.988,4.181,0.931,3.805,0.555
2022-12-30,3.25,3.722,0.472,5.231,1.981,4.174,0.924,3.796,0.546
2023-01-02,3.25,3.782,0.532,5.262,2.012,4.159,0.909,3.784,0.534
2023-01-03,3.25,3.661,0.411,5.131,1.881,4.065,0.815,3.678,0.428
2023-01-04,3.25,3.632,0.382,5.078,1.828,3.996,0.746,3.63,0.38
2023-01-05,3.25,3.644,0.394,5.06,1.81,3.954,0.704,3.622,0.372
2023-01-06,3.25,3.681,0.431,5.062,1.812,3.903,0.653,3.597,0.347
2023-01-09,3.25,3.577,0.327,4.93,1.68,3.836,0.586,3.552,0.302
2023-01-10,3.25,3.556,0.306,4.887,1.637,3.83,0.58,3.581,0.331
2023-01-11,3.25,3.472,0.222,4.784,1.534,3.786,0.536,3.566,0.316
2023-01-12,3.25,3.466,0.216,4.73,1.48,3.783,0.533,3.573,0.323
2023-01-13,3.5,3.369,-0.131,4.62,1.12,3.718,0.218,3.522,0.022
2023-01-16,3.5,3.454,-0.046,4.661,1.161,3.746,0.246,3.572,0.072
2023-01-17,3.5,3.484,-0.016,4.677,1.177,3.743,0.243,3.581,0.081
2023-01-18,3.5,3.39,-0.11,4.56,1.06,3.679,0.179,3.52,0.02
2023-01-19,3.5,3.248,-0.252,4.403,0.903,3.608,0.108,3.473,-0.027
2023-01-20,3.5,3.33,-0.17,4.453,0.953,3.623,0.123,3.483,-0.017
2023-01-25,3.5,3.285,-0.215,4.4,0.9,3.604,0.104,3.472,-0.028
2023-01-26,3.5,3.273,-0.227,4.361,0.861,3.6,0.1,3.472,-0.028
2023-01-27,3.5,3.304,-0.196,4.364,0.864,3.606,0.106,3.483,-0.017
2023-01-30,3.5,3.271,-0.229,4.31,0.81,3.571,0.071,3.469,-0.031
2023-01-31,3.5,3.325,-0.175,4.344,0.844,3.592,0.092,3.485,-0.015
2023-02-01,3.5,3.263,-0.237,4.268,0.768,3.545,0.045,3.449,-0.051
2023-02-02,3.5,3.183,-0.317,4.177,0.677,3.512,0.012,3.422,-0.078
2023-02-03,3.5,3.11,-0.39,4.081,0.581,3.481,-0.019,3.391,-0.109
2023-02-06,3.5,3.283,-0.217,4.237,0.737,3.55,0.05,3.462,-0.038
2023-02-07,3.5,3.315,-0.185,4.244,0.744,3.53,0.03,3.459,-0.041
2023-02-08,3.5,3.339,-0.161,4.244,0.744,3.52,0.02,3.456,-0.044
2023-02-09,3.5,3.401,-0.099,4.254,0.754,3.535,0.035,3.472,-0.028
2023-02-10,3.5,3.398,-0.102,4.231,0.731,3.53,0.03,3.466,-0.034
2023-02-13,3.5,3.452,-0.048,4.252,0.752,3.574,0.074,3.502,0.002
2023-02-14,3.5,3.429,-0.071,4.207,0.707,3.587,0.087,3.5,0.0
2023-02-15,3.5,3.502,0.002,4.255,0.755,3.629,0.129,3.546,0.046
2023-02-16,3.5,3.504,0.004,4.239,0.739,3.638,0.138,3.546,0.046
2023-02-17,3.5,3.639,0.139,4.345,0.845,3.724,0.224,3.612,0.112
2023-02-20,3.5,3.677,0.177,4.369,0.869,3.74,0.24,3.629,0.129
2023-02-21,3.5,3.623,0.123,4.324,0.824,3.733,0.233,3.614,0.114
2023-02-22,3.5,3.645,0.145,4.342,0.842,3.761,0.261,3.635,0.135
2023-02-23,3.5,3.599,0.099,4.311,0.811,3.751,0.251,3.618,0.118
2023-02-24,3.5,3.555,0.055,4.255,0.755,3.74,0.24,3.607,0.107
2023-02-27,3.5,3.683,0.183,4.366,0.866,3.823,0.323,3.662,0.162
2023-02-28,3.5,3.797,0.297,4.484,0.984,3.886,0.386,3.727,0.227
2023-03-02,3.5,3.878,0.378,4.558,1.058,3.913,0.413,3.768,0.268
2023-03-03,3.5,3.791,0.291,4.471,0.971,3.861,0.361,3.721,0.221
2023-03-06,3.5,3.774,0.274,4.458,0.958,3.857,0.357,3.717,0.217
2023-03-07,3.5,3.726,0.226,4.41,0.91,3.832,0.332,3.688,0.188
2023-03-08,3.5,3.855,0.355,4.534,1.034,3.881,0.381,3.744,0.244
2023-03-09,3.5,3.858,0.358,4.54,1.04,3.9,0.4,3.759,0.259
2023-03-10,3.5,3.703,0.203,4.396,0.896,3.823,0.323,3.674,0.174
2023-03-13,3.5,3.435,-0.065,4.149,0.649,3.685,0.185,3.54,0.04
2023-03-14,3.5,3.381,-0.119,4.085,0.585,3.633,0.133,3.481,-0.019
2023-03-15,3.5,3.473,-0.027,4.169,0.669,3.662,0.162,3.492,-0.008
2023-03-16,3.5,3.4,-0.1,4.098,0.598,3.597,0.097,3.424,-0.076
2023-03-17,3.5,3.415,-0.085,4.11,0.61,3.605,0.105,3.429,-0.071
2023-03-20,3.5,3.264,-0.236,3.986,0.486,3.529,0.029,3.355,-0.145
2023-03-21,3.5,3.294,-0.206,4.016,0.516,3.538,0.038,3.332,-0.168
2023-03-22,3.5,3.284,-0.216,4.014,0.514,3.536,0.036,3.328,-0.172
2023-03-23,3.5,3.206,-0.294,3.97,0.47,3.527,0.027,3.318,-0.182
2023-03-24,3.5,3.16,-0.34,3.928,0.428,3.524,0.024,3.305,-0.195
2023-03-27,3.5,3.22,-0.28,3.989,0.489,3.556,0.056,3.317,-0.183
2023-03-28,3.5,3.258,-0.242,4.029,0.529,3.563,0.063,3.32,-0.18
2023-03-29,3.5,3.249,-0.251,4.027,0.527,3.561,0.061,3.311,-0.189
2023-03-30,3.5,3.24,-0.26,4.035,0.535,3.536,0.036,3.293,-0.207
2023-03-31,3.5,3.27,-0.23,4.074,0.574,3.538,0.038,3.295,-0.205
2023-04-03,3.5,3.342,-0.158,4.139,0.639,3.557,0.057,3.322,-0.178
2023-04-04,3.5,3.279,-0.221,4.081,0.581,3.513,0.013,3.283,-0.217
2023-04-05,3.5,3.264,-0.236,4.072,0.572,3.507,0.007,3.278,-0.222
2023-04-06,3.5,3.211,-0.289,4.022,0.522,3.477,-0.023,3.249,-0.251
2023-04-07,3.5,3.24,-0.26,4.049,0.549,3.48,-0.02,3.254,-0.246
2023-04-10,3.5,3.192,-0.308,4.004,0.504,3.452,-0.048,3.222,-0.278
2023-04-11,3.5,3.231,-0.269,4.041,0.541,3.473,-0.027,3.247,-0.253
2023-04-12,3.5,3.233,-0.267,4.042,0.542,3.478,-0.022,3.254,-0.246
2023-04-13,3.5,3.199,-0.301,4.009,0.509,3.457,-0.043,3.237,-0.263
2023-04-14,3.5,3.215,-0.285,4.022,0.522,3.459,-0.041,3.242,-0.258
2023-04-17,3.5,3.287,-0.213,4.092,0.592,3.484,-0.016,3.266,-0.234
2023-04-18,3.5,3.294,-0.206,4.101,0.601,3.476,-0.024,3.254,-0.246
2023-04-19,3.5,3.337,-0.163,4.146,0.646,3.491,-0.009,3.268,-0.232
2023-04-20,3.5,3.334,-0.166,4.146,0.646,3.485,-0.015,3.26,-0.24
2023-04-21,3.5,3.267,-0.233,4.083,0.583,3.471,-0.029,3.243,-0.257
2023-04-24,3.5,3.23,-0.27,4.051,0.551,3.48,-0.02,3.243,-0.257
2023-04-25,3.5,3.265,-0.235,4.076,0.576,3.493,-0.007,3.257,-0.243
2023-04-26,3.5,3.259,-0.241,4.069,0.569,3.483,-0.017,3.243,-0.257
2023-04-27,3.5,3.288,-0.212,4.094,0.594,3.508,0.008,3.267,-0.233
2023-04-28,3.5,3.293,-0.207,4.105,0.605,3.531,0.031,3.293,-0.207
2023-05-02,3.5,3.335,-0.165,4.14,0.64,3.56,0.06,3.319,-0.181
2023-05-03,3.5,3.281,-0.219,4.094,0.594,3.547,0.047,3.306,-0.194
2023-05-04,3.5,3.21,-0.29,4.03,0.53,3.529,0.029,3.282,-0.218
2023-05-08,3.5,3.261,-0.239,4.079,0.579,3.557,0.057,3.305,-0.195
2023-05-09,3.5,3.256,-0.244,4.069,0.569,3.543,0.043,3.293,-0.207
2023-05-10,3.5,3.273,-0.227,4.086,0.586,3.555,0.055,3.298,-0.202
2023-05-11,3.5,3.22,-0.28,4.032,0.532,3.545,0.045,3.288,-0.212
2023-05-12,3.5,3.225,-0.275,4.035,0.535,3.556,0.056,3.298,-0.202
2023-05-15,3.5,3.279,-0.221,4.089,0.589,3.608,0.108,3.36,-0.14
2023-05-16,3.5,3.242,-0.258,4.056,0.556,3.609,0.109,3.369,-0.131
2023-05-17,3.5,3.274,-0.226,4.084,0.584,3.649,0.149,3.409,-0.091
2023-05-18,3.5,3.316,-0.184,4.123,0.623,3.67,0.17,3.429,-0.071
2023-05-19,3.5,3.34,-0.16,4.148,0.648,3.7,0.2,3.461,-0.039
2023-05-22,3.5,3.321,-0.179,4.127,0.627,3.7,0.2,3.456,-0.044
2023-05-23,3.5,3.373,-0.127,4.181,0.681,3.736,0.236,3.486,-0.014
2023-05-24,3.5,3.378,-0.122,4.183,0.683,3.732,0.232,3.476,-0.024
2023-05-25,3.5,3.48,-0.02,4.28,0.78,3.797,0.297,3.53,0.03
2023-05-26,3.5,3.524,0.024,4.328,0.828,3.833,0.333,3.569,0.069
2023-05-30,3.5,3.56,0.06,4.359,0.859,3.857,0.357,3.596,0.096
2023-05-31,3.5,3.459,-0.041,4.262,0.762,3.811,0.311,3.551,0.051
2023-06-01,3.5,3.478,-0.022,4.285,0.785,3.818,0.318,3.556,0.056
2023-06-02,3.5,3.436,-0.064,4.244,0.744,3.786,0.286,3.53,0.03
2023-06-05,3.5,3.502,0.002,4.307,0.807,3.812,0.312,3.552,0.052
2023-06-07,3.5,3.471,-0.029,4.273,0.773,3.785,0.285,3.525,0.025
2023-06-08,3.5,3.543,0.043,4.344,0.844,3.801,0.301,3.545,0.045
2023-06-09,3.5,3.506,0.006,4.309,0.809,3.77,0.27,3.516,0.016
2023-06-12,3.5,3.493,-0.007,4.302,0.802,3.771,0.271,3.513,0.013
2023-06-13,3.5,3.484,-0.016,4.297,0.797,3.759,0.259,3.496,-0.004
2023-06-14,3.5,3.545,0.045,4.356,0.856,3.787,0.287,3.526,0.026
2023-06-15,3.5,3.626,0.126,4.437,0.937,3.819,0.319,3.555,0.055
2023-06-16,3.5,3.585,0.085,4.395,0.895,3.793,0.293,3.535,0.035
2023-06-19,3.5,3.583,0.083,4.39,0.89,3.798,0.298,3.544,0.044
2023-06-20,3.5,3.567,0.067,4.38,0.88,3.79,0.29,3.531,0.031
2023-06-21,3.5,3.571,0.071,4.378,0.878,3.793,0.293,3.532,0.032
2023-06-22,3.5,3.592,0.092,4.4,0.9,3.813,0.313,3.555,0.055
2023-06-23,3.5,3.609,0.109,4.419,0.919,3.825,0.325,3.57,0.07
2023-06-26,3.5,3.568,0.068,4.375,0.875,3.799,0.299,3.539,0.039
2023-06-27,3.5,3.538,0.038,4.348,0.848,3.8,0.3,3.539,0.039
2023-06-28,3.5,3.557,0.057,4.365,0.865,3.805,0.305,3.545,0.045
2023-06-29,3.5,3.584,0.084,4.391,0.891,3.821,0.321,3.561,0.061
2023-06-30,3.5,3.662,0.162,4.473,0.973,3.866,0.366,3.604,0.104
2023-07-03,3.5,3.613,0.113,4.421,0.921,3.834,0.334,3.576,0.076
2023-07-04,3.5,3.619,0.119,4.429,0.929,3.84,0.34,3.583,0.083
2023-07-05,3.5,3.618,0.118,4.425,0.925,3.838,0.338,3.586,0.086
2023-07-06,3.5,3.676,0.176,4.475,0.975,3.864,0.364,3.616,0.116
2023-07-07,3.5,3.735,0.235,4.534,1.034,3.883,0.383,3.641,0.141
2023-07-10,3.5,3.795,0.295,4.594,1.094,3.917,0.417,3.684,0.184
2023-07-11,3.5,3.703,0.203,4.502,1.002,3.871,0.371,3.639,0.139
2023-07-12,3.5,3.704,0.204,4.512,1.012,3.873,0.373,3.642,0.142
2023-07-13,3.5,3.602,0.102,4.408,0.908,3.815,0.315,3.584,0.084
2023-07-14,3.5,3.614,0.114,4.42,0.92,3.825,0.325,3.6,0.1
2023-07-17,3.5,3.611,0.111,4.414,0.914,3.814,0.314,3.597,0.097
2023-07-18,3.5,3.596,0.096,4.398,0.898,3.801,0.301,3.586,0.086
2023-07-19,3.5,3.543,0.043,4.341,0.841,3.781,0.281,3.572,0.072
2023-07-20,3.5,3.581,0.081,4.379,0.879,3.811,0.311,3.599,0.099
2023-07-21,3.5,3.602,0.102,4.399,0.899,3.809,0.309,3.592,0.092
2023-07-24,3.5,3.617,0.117,4.41,0.91,3.808,0.308,3.59,0.09
2023-07-25,3.5,3.645,0.145,4.435,0.935,3.809,0.309,3.598,0.098
2023-07-26,3.5,3.627,0.127,4.413,0.913,3.792,0.292,3.586,0.086
2023-07-27,3.5,3.587,0.087,4.374,0.874,3.77,0.27,3.562,0.062
2023-07-28,3.5,3.635,0.135,4.423,0.923,3.802,0.302,3.594,0.094
2023-07-31,3.5,3.681,0.181,4.467,0.967,3.812,0.312,3.608,0.108
2023-08-01,3.5,3.647,0.147,4.435,0.935,3.786,0.286,3.586,0.086
2023-08-02,3.5,3.677,0.177,4.466,0.966,3.803,0.303,3.599,0.099
2023-08-03,3.5,3.714,0.214,4.496,0.996,3.811,0.311,3.605,0.105
2023-08-04,3.5,3.738,0.238,4.519,1.019,3.816,0.316,3.609,0.109
2023-08-07,3.5,3.689,0.189,4.468,0.968,3.789,0.289,3.58,0.08
2023-08-08,3.5,3.647,0.147,4.424,0.924,3.776,0.276,3.565,0.065
2023-08-09,3.5,3.672,0.172,4.448,0.948,3.79,0.29,3.581,0.081
2023-08-10,3.5,3.687,0.187,4.464,0.964,3.799,0.299,3.589,0.089
2023-08-11,3.5,3.698,0.198,4.475,0.975,3.807,0.307,3.597,0.097
2023-08-14,3.5,3.747,0.247,4.52,1.02,3.829,0.329,3.614,0.114
2023-08-16,3.5,3.712,0.212,4.488,0.988,3.806,0.306,3.59,0.09
2023-08-17,3.5,3.788,0.288,4.561,1.061,3.83,0.33,3.603,0.103
2023-08-18,3.5,3.729,0.229,4.501,1.001,3.803,0.303,3.576,0.076
2023-08-21,3.5,3.795,0.295,4.563,1.063,3.84,0.34,3.609,0.109
2023-08-22,3.5,3.802,0.302,4.569,1.069,3.846,0.346,3.612,0.112
2023-08-23,3.5,3.771,0.271,4.536,1.036,3.832,0.332,3.596,0.096
2023-08-24,3.5,3.759,0.259,4.524,1.024,3.833,0.333,3.593,0.093
2023-08-25,3.5,3.789,0.289,4.554,1.054,3.853,0.353,3.607,0.107
2023-08-28,3.5,3.759,0.259,4.524,1.024,3.845,0.345,3.596,0.096
2023-08-29,3.5,3.74,0.24,4.503,1.003,3.841,0.341,3.587,0.087
2023-08-30,3.5,3.732,0.232,4.496,0.996,3.845,0.345,3.589,0.089
2023-08-31,3.5,3.711,0.211,4.473,0.973,3.84,0.34,3.582,0.082
2023-09-01,3.5,3.689,0.189,4.447,0.947,3.844,0.344,3.579,0.079
2023-09-04,3.5,3.738,0.238,4.498,0.998,3.887,0.387,3.615,0.115
2023-09-05,3.5,3.765,0.265,4.527,1.027,3.896,0.396,3.629,0.129
2023-09-06,3.5,3.765,0.265,4.521,1.021,3.879,0.379,3.613,0.113
2023-09-07,3.5,3.847,0.347,4.599,1.099,3.912,0.412,3.647,0.147
2023-09-08,3.5,3.795,0.295,4.552,1.052,3.889,0.389,3.619,0.119
2023-09-11,3.5,3.865,0.365,4.622,1.122,3.928,0.428,3.66,0.16
2023-09-12,3.5,3.863,0.363,4.621,1.121,3.922,0.422,3.648,0.148
2023-09-13,3.5,3.853,0.353,4.617,1.117,3.929,0.429,3.649,0.149
2023-09-14,3.5,3.836,0.336,4.596,1.096,3.931,0.431,3.644,0.144
2023-09-15,3.5,3.85,0.35,4.608,1.108,3.954,0.454,3.658,0.158
2023-09-18,3.5,3.891,0.391,4.648,1.148,3.981,0.481,3.679,0.179
2023-09-19,3.5,3.887,0.387,4.641,1.141,3.976,0.476,3.668,0.168
2023-09-20,3.5,3.89,0.39,4.645,1.145,3.98,0.48,3.668,0.168
2023-09-21,3.5,3.93,0.43,4.689,1.189,4.004,0.504,3.687,0.187
2023-09-22,3.5,3.876,0.376,4.65,1.15,3.994,0.494,3.667,0.167
2023-09-25,3.5,3.876,0.376,4.64,1.14,4.002,0.502,3.677,0.177
2023-09-26,3.5,3.891,0.391,4.654,1.154,4.01,0.51,3.687,0.187
2023-09-27,3.5,3.884,0.384,4.658,1.158,4.012,0.512,3.684,0.184
2023-10-04,3.5,4.108,0.608,4.871,1.371,4.104,0.604,3.772,0.272
2023-10-05,3.5,4.081,0.581,4.855,1.355,4.079,0.579,3.773,0.273
2023-10-06,3.5,4.015,0.515,4.796,1.296,4.051,0.551,3.754,0.254
2023-10-10,3.5,3.997,0.497,4.777,1.277,4.046,0.546,3.752,0.252
2023-10-11,3.5,3.953,0.453,4.735,1.235,4.037,0.537,3.742,0.242
2023-10-12,3.5,3.932,0.432,4.719,1.219,4.022,0.522,3.722,0.222
2023-10-13,3.5,3.957,0.457,4.748,1.248,4.036,0.536,3.731,0.231
2023-10-16,3.5,3.973,0.473,4.769,1.269,4.039,0.539,3.729,0.229
2023-10-17,3.5,3.991,0.491,4.787,1.287,4.042,0.542,3.727,0.227
2023-10-18,3.5,4.031,0.531,4.83,1.33,4.054,0.554,3.738,0.238
2023-10-19,3.5,4.07,0.57,4.872,1.372,4.073,0.573,3.748,0.248
2023-10-20,3.5,4.033,0.533,4.838,1.338,4.056,0.556,3.731,0.231
2023-10-23,3.5,4.055,0.555,4.861,1.361,4.074,0.574,3.744,0.244
2023-10-24,3.5,4.004,0.504,4.81,1.31,4.059,0.559,3.728,0.228
2023-10-25,3.5,4.038,0.538,4.844,1.344,4.084,0.584,3.743,0.243
2023-10-26,3.5,4.104,0.604,4.906,1.406,4.106,0.606,3.762,0.262
2023-10-27,3.5,4.073,0.573,4.884,1.384,4.093,0.593,3.748,0.248
2023-10-30,3.5,4.089,0.589,4.905,1.405,4.104,0.604,3.755,0.255
2023-10-31,3.5,4.085,0.585,4.908,1.408,4.11,0.61,3.756,0.256
2023-11-01,3.5,4.071,0.571,4.9,1.4,4.11,0.61,3.751,0.251
2023-11-02,3.5,3.979,0.479,4.811,1.311,4.072,0.572,3.708,0.208
2023-11-03,3.5,3.949,0.449,4.789,1.289,4.073,0.573,3.715,0.215
2023-11-06,3.5,3.877,0.377,4.721,1.221,4.066,0.566,3.701,0.201
2023-11-07,3.5,3.887,0.387,4.731,1.231,4.083,0.583,3.71,0.21
2023-11-08,3.5,3.868,0.368,4.715,1.215,4.077,0.577,3.7,0.2
2023-11-09,3.5,3.847,0.347,4.695,1.195,4.074,0.574,3.697,0.197
2023-11-10,3.5,3.862,0.362,4.711,1.211,4.085,0.585,3.707,0.207
2023-11-13,3.5,3.877,0.377,4.727,1.227,4.096,0.596,3.718,0.218
2023-11-14,3.5,3.857,0.357,4.704,1.204,4.088,0.588,3.714,0.214
2023-11-15,3.5,3.744,0.244,4.591,1.091,4.043,0.543,3.671,0.171
2023-11-16,3.5,3.701,0.201,4.541,1.041,4.029,0.529,3.672,0.172
2023-11-17,3.5,3.681,0.181,4.504,1.004,4.013,0.513,3.661,0.161
2023-11-20,3.5,3.667,0.167,4.469,0.969,4.003,0.503,3.659,0.159
2023-11-21,3.5,3.644,0.144,4.436,0.936,3.991,0.491,3.663,0.163
2023-11-22,3.5,3.666,0.166,4.45,0.95,3.988,0.488,3.673,0.173
2023-11-23,3.5,3.644,0.144,4.418,0.918,3.976,0.476,3.665,0.165
2023-11-24,3.5,3.677,0.177,4.443,0.943,3.992,0.492,3.688,0.188
2023-11-27,3.5,3.689,0.189,4.448,0.948,4.001,0.501,3.696,0.196
2023-11-28,3.5,3.648,0.148,4.397,0.897,3.979,0.479,3.671,0.171
2023-11-29,3.5,3.554,0.054,4.297,0.797,3.933,0.433,3.628,0.128
2023-11-30,3.5,3.583,0.083,4.319,0.819,3.946,0.446,3.638,0.138
2023-12-01,3.5,3.587,0.087,4.309,0.809,3.936,0.436,3.628,0.128
2023-12-04,3.5,3.531,0.031,4.252,0.752,3.895,0.395,3.59,0.09
2023-12-05,3.5,3.484,-0.016,4.197,0.697,3.869,0.369,3.566,0.066
2023-12-06,3.5,3.463,-0.037,4.17,0.67,3.852,0.352,3.554,0.054
2023-12-07,3.5,3.511,0.011,4.211,0.711,3.863,0.363,3.571,0.071
2023-12-08,3.5,3.461,-0.039,4.167,0.667,3.849,0.349,3.559,0.059
2023-12-11,3.5,3.48,-0.02,4.196,0.696,3.869,0.369,3.583,0.083
2023-12-12,3.5,3.446,-0.054,4.171,0.671,3.848,0.348,3.57,0.07
2023-12-13,3.5,3.465,-0.035,4.186,0.686,3.854,0.354,3.582,0.082
2023-12-14,3.5,3.258,-0.242,3.98,0.48,3.726,0.226,3.463,-0.037
2023-12-15,3.5,3.281,-0.219,4.01,0.51,3.72,0.22,3.458,-0.042
2023-12-18,3.5,3.277,-0.223,4.005,0.505,3.708,0.208,3.444,-0.056
2023-12-19,3.5,3.296,-0.204,4.022,0.522,3.712,0.212,3.444,-0.056
2023-12-20,3.5,3.232,-0.268,3.975,0.475,3.686,0.186,3.417,-0.083
2023-12-21,3.5,3.236,-0.264,3.975,0.475,3.698,0.198,3.428,-0.072
2023-12-22,3.5,3.234,-0.266,3.972,0.472,3.702,0.202,3.431,-0.069
2023-12-26,3.5,3.221,-0.279,3.962,0.462,3.706,0.206,3.433,-0.067
2023-12-27,3.5,3.22,-0.28,3.958,0.458,3.713,0.213,3.436,-0.064
2023-12-28,3.5,3.154,-0.346,3.898,0.398,3.685,0.185,3.41,-0.09
2023-12-29,3.5,3.154,-0.346,3.898,0.398,3.685,0.185,3.41,-0.09
2024-01-02,3.5,3.24,-0.26,3.98,0.48,3.706,0.206,3.435,-0.065
2024-01-03,3.5,3.278,-0.222,4.017,0.517,3.701,0.201,3.432,-0.068
2024-01-04,3.5,3.227,-0.273,3.977,0.477,3.663,0.163,3.379,-0.121
2024-01-05,3.5,3.283,-0.217,4.032,0.532,3.651,0.151,3.389,-0.111
2024-01-08,3.5,3.297,-0.203,4.045,0.545,3.634,0.134,3.372,-0.128
2024-01-09,3.5,3.255,-0.245,4.004,0.504,3.59,0.09,3.334,-0.166
2024-01-10,3.5,3.269,-0.231,4.017,0.517,3.589,0.089,3.34,-0.16
2024-01-11,3.5,3.227,-0.273,3.976,0.476,3.556,0.056,3.312,-0.188
2024-01-12,3.5,3.204,-0.296,3.953,0.453,3.536,0.036,3.298,-0.202
2024-01-15,3.5,3.191,-0.309,3.939,0.439,3.516,0.016,3.284,-0.216
2024-01-16,3.5,3.235,-0.265,3.982,0.482,3.533,0.033,3.3,-0.2
2024-01-17,3.5,3.277,-0.223,4.025,0.525,3.538,0.038,3.304,-0.196
2024-01-18,3.5,3.285,-0.215,4.034,0.534,3.54,0.04,3.3,-0.2
2024-01-19,3.5,3.307,-0.193,4.058,0.558,3.544,0.044,3.306,-0.194
2024-01-22,3.5,3.278,-0.222,4.03,0.53,3.523,0.023,3.285,-0.215
2024-01-23,3.5,3.286,-0.214,4.041,0.541,3.53,0.03,3.29,-0.21
2024-01-24,3.5,3.3,-0.2,4.051,0.551,3.543,0.043,3.297,-0.203
2024-01-25,3.5,3.313,-0.187,4.061,0.561,3.555,0.055,3.306,-0.194
2024-01-26,3.5,3.263,-0.237,4.01,0.51,3.534,0.034,3.288,-0.212
2024-01-29,3.5,3.304,-0.196,4.051,0.551,3.571,0.071,3.32,-0.18
2024-01-30,3.5,3.268,-0.232,4.009,0.509,3.554,0.054,3.302,-0.198
2024-01-31,3.5,3.261,-0.239,4.002,0.502,3.559,0.059,3.31,-0.19
2024-02-01,3.5,3.267,-0.233,4.001,0.501,3.565,0.065,3.314,-0.186
2024-02-02,3.5,3.248,-0.252,3.982,0.482,3.559,0.059,3.308,-0.192
2024-02-05,3.5,3.312,-0.188,4.047,0.547,3.607,0.107,3.359,-0.141
2024-02-06,3.5,3.292,-0.208,4.028,0.528,3.593,0.093,3.346,-0.154
2024-02-07,3.5,3.286,-0.214,4.019,0.519,3.591,0.091,3.345,-0.155
2024-02-08,3.5,3.305,-0.195,4.034,0.534,3.599,0.099,3.353,-0.147
2024-02-13,3.5,3.353,-0.147,4.074,0.574,3.618,0.118,3.377,-0.123
2024-02-14,3.5,3.425,-0.075,4.141,0.641,3.651,0.151,3.419,-0.081
2024-02-15,3.5,3.405,-0.095,4.117,0.617,3.626,0.126,3.396,-0.104
2024-02-16,3.5,3.405,-0.095,4.115,0.615,3.627,0.127,3.397,-0.103
2024-02-19,3.5,3.397,-0.103,4.102,0.602,3.625,0.125,3.397,-0.103
2024-02-20,3.5,3.405,-0.095,4.105,0.605,3.636,0.136,3.407,-0.093
2024-02-21,3.5,3.402,-0.098,4.09,0.59,3.633,0.133,3.406,-0.094
2024-02-22,3.5,3.342,-0.158,4.023,0.523,3.602,0.102,3.37,-0.13
2024-02-23,3.5,3.374,-0.126,4.045,0.545,3.635,0.135,3.402,-0.098
2024-02-26,3.5,3.34,-0.16,4.005,0.505,3.619,0.119,3.384,-0.116
2024-02-27,3.5,3.364,-0.136,4.025,0.525,3.634,0.134,3.394,-0.106
2024-02-28,3.5,3.359,-0.141,4.015,0.515,3.639,0.139,3.401,-0.099
2024-02-29,3.5,3.385,-0.115,4.037,0.537,3.66,0.16,3.418,-0.082
2024-03-04,3.5,3.36,-0.14,4.008,0.508,3.649,0.149,3.406,-0.094
2024-03-05,3.5,3.349,-0.151,3.992,0.492,3.648,0.148,3.41,-0.09
2024-03-06,3.5,3.325,-0.175,3.962,0.462,3.635,0.135,3.396,-0.104
2024-03-07,3.5,3.321,-0.179,3.959,0.459,3.634,0.134,3.397,-0.103
2024-03-08,3.5,3.271,-0.229,3.91,0.41,3.611,0.111,3.37,-0.13
2024-03-11,3.5,3.275,-0.225,3.914,0.414,3.601,0.101,3.37,-0.13
2024-03-12,3.5,3.273,-0.227,3.917,0.417,3.611,0.111,3.379,-0.121
2024-03-13,3.5,3.251,-0.249,3.899,0.399,3.606,0.106,3.374,-0.126
2024-03-14,3.5,3.273,-0.227,3.922,0.422,3.618,0.118,3.38,-0.12
2024-03-15,3.5,3.308,-0.192,3.953,0.453,3.615,0.115,3.384,-0.116
2024-03-18,3.5,3.348,-0.152,3.993,0.493,3.616,0.116,3.38,-0.12
2024-03-19,3.5,3.383,-0.117,4.022,0.522,3.608,0.108,3.372,-0.128
2024-03-20,3.5,3.371,-0.129,4.006,0.506,3.586,0.086,3.351,-0.149
2024-03-21,3.5,3.306,-0.194,3.942,0.442,3.546,0.046,3.314,-0.186
2024-03-22,3.5,3.284,-0.216,3.918,0.418,3.549,0.049,3.316,-0.184
2024-03-25,3.5,3.29,-0.21,3.915,0.415,3.553,0.053,3.319,-0.181
2024-03-26,3.5,3.301,-0.199,3.923,0.423,3.568,0.068,3.337,-0.163
2024-03-27,3.5,3.288,-0.212,3.903,0.403,3.565,0.065,3.336,-0.164
2024-03-28,3.5,3.293,-0.207,3.903,0.403,3.569,0.069,3.346,-0.154
2024-03-29,3.5,3.322,-0.178,3.926,0.426,3.572,0.072,3.356,-0.144
2024-04-01,3.5,3.291,-0.209,3.896,0.396,3.543,0.043,3.338,-0.162
2024-04-02,3.5,3.333,-0.167,3.926,0.426,3.552,0.052,3.342,-0.158
2024-04-03,3.5,3.341,-0.159,3.927,0.427,3.549,0.049,3.336,-0.164
2024-04-04,3.5,3.338,-0.162,3.919,0.419,3.541,0.041,3.335,-0.165
2024-04-05,3.5,3.329,-0.171,3.902,0.402,3.523,0.023,3.326,-0.174
2024-04-08,3.5,3.383,-0.117,3.945,0.445,3.542,0.042,3.356,-0.144
2024-04-09,3.5,3.391,-0.109,3.953,0.453,3.546,0.046,3.362,-0.138
2024-04-11,3.5,3.466,-0.034,4.016,0.516,3.584,0.084,3.396,-0.104
2024-04-12,3.5,3.403,-0.097,3.961,0.461,3.554,0.054,3.369,-0.131
2024-04-15,3.5,3.44,-0.06,3.983,0.483,3.566,0.066,3.385,-0.115
2024-04-16,3.5,3.469,-0.031,4.01,0.51,3.574,0.074,3.399,-0.101
2024-04-17,3.5,3.475,-0.025,4.007,0.507,3.568,0.068,3.394,-0.106
2024-04-18,3.5,3.427,-0.073,3.96,0.46,3.543,0.043,3.374,-0.126
2024-04-19,3.5,3.468,-0.032,3.982,0.482,3.572,0.072,3.403,-0.097
2024-04-22,3.5,3.512,0.012,4.019,0.519,3.607,0.107,3.433,-0.067
2024-04-23,3.5,3.489,-0.011,3.992,0.492,3.6,0.1,3.422,-0.078
2024-04-24,3.5,3.509,0.009,4.004,0.504,3.615,0.115,3.432,-0.068
2024-04-25,3.5,3.543,0.043,4.029,0.529,3.634,0.134,3.446,-0.054
2024-04-26,3.5,3.531,0.031,4.012,0.512,3.632,0.132,3.438,-0.062
2024-04-29,3.5,3.552,0.052,4.024,0.524,3.653,0.153,3.45,-0.05
2024-04-30,3.5,3.529,0.029,3.995,0.495,3.648,0.148,3.442,-0.058
2024-05-02,3.5,3.509,0.009,3.972,0.472,3.644,0.144,3.438,-0.062
2024-05-03,3.5,3.5,0.0,3.958,0.458,3.645,0.145,3.437,-0.063
2024-05-07,3.5,3.448,-0.052,3.912,0.412,3.622,0.122,3.413,-0.087
2024-05-08,3.5,3.439,-0.061,3.901,0.401,3.609,0.109,3.398,-0.102
2024-05-09,3.5,3.453,-0.047,3.913,0.413,3.625,0.125,3.417,-0.083
2024-05-10,3.5,3.44,-0.06,3.894,0.394,3.607,0.107,3.396,-0.104
2024-05-13,3.5,3.452,-0.048,3.904,0.404,3.613,0.113,3.397,-0.103
2024-05-14,3.5,3.454,-0.046,3.9,0.4,3.611,0.111,3.388,-0.112
2024-05-16,3.5,3.375,-0.125,3.82,0.32,3.574,0.074,3.346,-0.154
2024-05-17,3.5,3.379,-0.121,3.825,0.325,3.579,0.079,3.354,-0.146
2024-05-20,3.5,3.412,-0.088,3.853,0.353,3.591,0.091,3.369,-0.131
2024-05-21,3.5,3.411,-0.089,3.853,0.353,3.589,0.089,3.371,-0.129
2024-05-22,3.5,3.409,-0.091,3.848,0.348,3.59,0.09,3.372,-0.128
2024-05-23,3.5,3.402,-0.098,3.84,0.34,3.581,0.081,3.364,-0.136
2024-05-24,3.5,3.423,-0.077,3.861,0.361,3.593,0.093,3.378,-0.122
2024-05-27,3.5,3.413,-0.087,3.851,0.351,3.589,0.089,3.374,-0.126
2024-05-28,3.5,3.394,-0.106,3.828,0.328,3.577,0.077,3.364,-0.136
2024-05-29,3.5,3.425,-0.075,3.855,0.355,3.591,0.091,3.38,-0.12
2024-05-30,3.5,3.44,-0.06,3.867,0.367,3.603,0.103,3.391,-0.109
2024-05-31,3.5,3.452,-0.048,3.871,0.371,3.599,0.099,3.393,-0.107
2024-06-03,3.5,3.434,-0.066,3.853,0.353,3.587,0.087,3.383,-0.117
2024-06-04,3.5,3.39,-0.11,3.81,0.31,3.57,0.07,3.371,-0.129
2024-06-05,3.5,3.345,-0.155,3.771,0.271,3.554,0.054,3.361,-0.139
2024-06-07,3.5,3.308,-0.192,3.736,0.236,3.536,0.036,3.353,-0.147
2024-06-10,3.5,3.353,-0.147,3.782,0.282,3.57,0.07,3.388,-0.112
2024-06-11,3.5,3.341,-0.159,3.775,0.275,3.557,0.057,3.376,-0.124
2024-06-12,3.5,3.307,-0.193,3.745,0.245,3.542,0.042,3.365,-0.135
2024-06-13,3.5,3.277,-0.223,3.718,0.218,3.532,0.032,3.358,-0.142
2024-06-14,3.5,3.252,-0.248,3.694,0.194,3.519,0.019,3.348,-0.152
2024-06-17,3.5,3.212,-0.288,3.662,0.162,3.496,-0.004,3.327,-0.173
2024-06-18,3.5,3.214,-0.286,3.666,0.166,3.502,0.002,3.334,-0.166
2024-06-19,3.5,3.162,-0.338,3.62,0.12,3.481,-0.019,3.315,-0.185
2024-06-20,3.5,3.196,-0.304,3.648,0.148,3.498,-0.002,3.332,-0.168
2024-06-21,3.5,3.176,-0.324,3.637,0.137,3.48,-0.02,3.331,-0.169
2024-06-24,3.5,3.194,-0.306,3.656,0.156,3.491,-0.009,3.346,-0.154
2024-06-25,3.5,3.201,-0.299,3.662,0.162,3.49,-0.01,3.347,-0.153
2024-06-26,3.5,3.215,-0.285,3.676,0.176,3.496,-0.004,3.354,-0.146
2024-06-27,3.5,3.22,-0.28,3.684,0.184,3.5,0.0,3.357,-0.143
2024-06-28,3.5,3.182,-0.318,3.658,0.158,3.482,-0.018,3.337,-0.163
2024-07-01,3.5,3.21,-0.29,3.681,0.181,3.486,-0.014,3.345,-0.155
2024-07-02,3.5,3.169,-0.331,3.634,0.134,3.43,-0.07,3.294,-0.206
2024-07-03,3.5,3.16,-0.34,3.624,0.124,3.411,-0.089,3.278,-0.222
2024-07-04,3.5,3.128,-0.372,3.591,0.091,3.366,-0.134,3.231,-0.269
2024-07-05,3.5,3.115,-0.385,3.582,0.082,3.296,-0.204,3.194,-0.306
2024-07-08,3.5,3.119,-0.381,3.58,0.08,3.288,-0.212,3.19,-0.31
2024-07-09,3.5,3.114,-0.386,3.572,0.072,3.277,-0.223,3.179,-0.321
2024-07-10,3.5,3.12,-0.38,3.576,0.076,3.274,-0.226,3.181,-0.319
2024-07-11,3.5,3.163,-0.337,3.614,0.114,3.293,-0.207,3.207,-0.293
2024-07-12,3.5,3.101,-0.399,3.552,0.052,3.282,-0.218,3.196,-0.304
2024-07-15,3.5,3.076,-0.424,3.538,0.038,3.29,-0.21,3.196,-0.304
2024-07-16,3.5,3.035,-0.465,3.496,-0.004,3.283,-0.217,3.184,-0.316
2024-07-17,3.5,3.05,-0.45,3.509,0.009,3.288,-0.212,3.191,-0.309
2024-07-18,3.5,3.058,-0.442,3.513,0.013,3.29,-0.21,3.202,-0.298
2024-07-19,3.5,3.074,-0.426,3.525,0.025,3.313,-0.187,3.224,-0.276
2024-07-22,3.5,3.071,-0.429,3.522,0.022,3.318,-0.182,3.229,-0.271
2024-07-23,3.5,3.084,-0.416,3.533,0.033,3.323,-0.177,3.234,-0.266
2024-07-24,3.5,3.046,-0.454,3.509,0.009,3.314,-0.186,3.22,-0.28
2024-07-25,3.5,3.024,-0.476,3.484,-0.016,3.3,-0.2,3.196,-0.304
2024-07-26,3.5,3.024,-0.476,3.482,-0.018,3.297,-0.203,3.187,-0.313
2024-07-29,3.5,2.978,-0.522,3.434,-0.066,3.267,-0.233,3.152,-0.348
2024-07-30,3.5,2.994,-0.506,3.451,-0.049,3.281,-0.219,3.16,-0.34
2024-07-31,3.5,3.004,-0.496,3.459,-0.041,3.284,-0.216,3.156,-0.344
2024-08-01,3.5,2.976,-0.524,3.431,-0.069,3.27,-0.23,3.128,-0.372
2024-08-02,3.5,2.939,-0.561,3.394,-0.106,3.249,-0.251,3.1,-0.4
2024-08-05,3.5,2.806,-0.694,3.271,-0.229,3.204,-0.296,3.04,-0.46
2024-08-06,3.5,2.935,-0.565,3.398,-0.102,3.258,-0.242,3.083,-0.417
2024-08-07,3.5,2.929,-0.571,3.397,-0.103,3.248,-0.252,3.071,-0.429
2024-08-08,3.5,2.911,-0.589,3.38,-0.12,3.246,-0.254,3.061,-0.439
2024-08-09,3.5,2.941,-0.559,3.409,-0.091,3.258,-0.242,3.061,-0.439
2024-08-12,3.5,2.946,-0.554,3.421,-0.079,3.258,-0.242,3.051,-0.449
2024-08-13,3.5,2.918,-0.582,3.395,-0.105,3.255,-0.245,3.039,-0.461
2024-08-14,3.5,2.888,-0.612,3.37,-0.13,3.246,-0.254,3.019,-0.481
2024-08-16,3.5,2.928,-0.572,3.415,-0.085,3.285,-0.215,3.041,-0.459
2024-08-19,3.5,2.927,-0.573,3.424,-0.076,3.288,-0.212,3.032,-0.468
2024-08-20,3.5,2.944,-0.556,3.442,-0.058,3.294,-0.206,3.035,-0.465
2024-08-21,3.5,2.94,-0.56,3.439,-0.061,3.291,-0.209,3.022,-0.478
2024-08-22,3.5,2.907,-0.593,3.422,-0.078,3.29,-0.21,3.006,-0.494
2024-08-23,3.5,2.92,-0.58,3.439,-0.061,3.305,-0.195,3.023,-0.477
2024-08-26,3.5,2.89,-0.61,3.414,-0.086,3.3,-0.2,3.02,-0.48
2024-08-27,3.5,2.94,-0.56,3.465,-0.035,3.33,-0.17,3.05,-0.45
2024-08-28,3.5,2.919,-0.581,3.456,-0.044,3.322,-0.178,3.038,-0.462
2024-08-29,3.5,2.939,-0.561,3.484,-0.016,3.341,-0.159,3.048,-0.452
2024-08-30,3.5,2.953,-0.547,3.503,0.003,3.343,-0.157,3.043,-0.457
2024-09-02,3.5,2.989,-0.511,3.542,0.042,3.35,-0.15,3.043,-0.457
2024-09-03,3.5,2.981,-0.519,3.545,0.045,3.343,-0.157,3.031,-0.469
2024-09-04,3.5,2.931,-0.569,3.497,-0.003,3.318,-0.182,2.998,-0.502
2024-09-05,3.5,2.905,-0.595,3.48,-0.02,3.308,-0.192,2.983,-0.517
2024-09-06,3.5,2.881,-0.619,3.46,-0.04,3.3,-0.2,2.979,-0.521
2024-09-09,3.5,2.897,-0.603,3.471,-0.029,3.296,-0.204,2.974,-0.526
2024-09-10,3.5,2.877,-0.623,3.451,-0.049,3.254,-0.246,2.959,-0.541
2024-09-11,3.5,2.82,-0.68,3.406,-0.094,3.235,-0.265,2.915,-0.585
2024-09-12,3.5,2.866,-0.634,3.449,-0.051,3.243,-0.257,2.912,-0.588
2024-09-13,3.5,2.822,-0.678,3.41,-0.09,3.22,-0.28,2.884,-0.616
2024-09-19,3.5,2.843,-0.657,3.432,-0.068,3.231,-0.269,2.887,-0.613
2024-09-20,3.5,2.838,-0.662,3.426,-0.074,3.224,-0.276,2.879,-0.621
2024-09-23,3.5,2.864,-0.636,3.449,-0.051,3.224,-0.276,2.879,-0.621
2024-09-24,3.5,2.854,-0.646,3.439,-0.061,3.213,-0.287,2.868,-0.632
2024-09-25,3.5,2.812,-0.688,3.401,-0.099,3.198,-0.302,2.85,-0.65
2024-09-26,3.5,2.807,-0.693,3.395,-0.105,3.191,-0.309,2.842,-0.658
2024-09-27,3.5,2.826,-0.674,3.409,-0.091,3.197,-0.303,2.855,-0.645
2024-09-30,3.5,2.811,-0.689,3.397,-0.103,3.183,-0.317,2.844,-0.656
2024-10-02,3.5,2.78,-0.72,3.37,-0.13,3.171,-0.329,2.835,-0.665
2024-10-04,3.5,2.824,-0.676,3.415,-0.085,3.189,-0.311,2.854,-0.646
2024-10-07,3.5,2.96,-0.54,3.546,0.046,3.237,-0.263,2.89,-0.61
2024-10-08,3.5,2.932,-0.568,3.517,0.017,3.221,-0.279,2.878,-0.622
2024-10-10,3.5,2.962,-0.538,3.542,0.042,3.225,-0.275,2.883,-0.617
2024-10-11,3.25,2.947,-0.303,3.523,0.273,3.208,-0.042,2.872,-0.378
2024-10-14,3.25,2.938,-0.312,3.509,0.259,3.187,-0.063,2.861,-0.389
2024-10-15,3.25,2.906,-0.344,3.475,0.225,3.175,-0.075,2.851,-0.399
2024-10-16,3.25,2.88,-0.37,3.452,0.202,3.167,-0.083,2.845,-0.405
2024-10-17,3.25,2.897,-0.353,3.467,0.217,3.176,-0.074,2.857,-0.393
2024-10-18,3.25,2.908,-0.342,3.48,0.23,3.185,-0.065,2.874,-0.376
2024-10-21,3.25,2.902,-0.348,3.471,0.221,3.183,-0.067,2.875,-0.375
2024-10-22,3.25,2.943,-0.307,3.512,0.262,3.191,-0.059,2.877,-0.373
2024-10-23,3.25,2.936,-0.314,3.508,0.258,3.192,-0.058,2.877,-0.373
2024-10-24,3.25,2.891,-0.359,3.46,0.21,3.159,-0.091,2.84,-0.41
2024-10-25,3.25,2.882,-0.368,3.451,0.201,3.158,-0.092,2.834,-0.416
2024-10-28,3.25,2.932,-0.318,3.503,0.253,3.199,-0.051,2.859,-0.391
2024-10-29,3.25,2.936,-0.314,3.504,0.254,3.194,-0.056,2.85,-0.4
2024-10-30,3.25,2.937,-0.313,3.502,0.252,3.195,-0.055,2.848,-0.402
2024-10-31,3.25,2.936,-0.314,3.503,0.253,3.202,-0.048,2.849,-0.401
2024-11-01,3.25,2.939,-0.311,3.507,0.257,3.202,-0.048,2.844,-0.406
2024-11-04,3.25,2.935,-0.315,3.507,0.257,3.204,-0.046,2.843,-0.407
2024-11-05,3.25,2.918,-0.332,3.491,0.241,3.2,-0.05,2.838,-0.412
2024-11-06,3.25,2.96,-0.29,3.529,0.279,3.225,-0.025,2.856,-0.394
2024-11-07,3.25,2.922,-0.328,3.492,0.242,3.211,-0.039,2.844,-0.406
2024-11-08,3.25,2.889,-0.361,3.461,0.211,3.194,-0.056,2.829,-0.421
2024-11-11,3.25,2.901,-0.349,3.471,0.221,3.207,-0.043,2.836,-0.414
2024-11-12,3.25,2.9,-0.35,3.467,0.217,3.2,-0.05,2.831,-0.419
2024-11-13,3.25,2.939,-0.311,3.501,0.251,3.22,-0.03,2.845,-0.405
2024-11-14,3.25,2.929,-0.321,3.492,0.242,3.212,-0.038,2.84,-0.41
2024-11-15,3.25,2.941,-0.309,3.506,0.256,3.229,-0.021,2.859,-0.391
2024-11-18,3.25,2.915,-0.335,3.482,0.232,3.225,-0.025,2.851,-0.399
2024-11-19,3.25,2.889,-0.361,3.457,0.207,3.214,-0.036,2.842,-0.408
2024-11-20,3.25,2.873,-0.377,3.438,0.188,3.209,-0.041,2.836,-0.414
2024-11-21,3.25,2.829,-0.421,3.396,0.146,3.192,-0.058,2.817,-0.433
2024-11-22,3.25,2.816,-0.434,3.385,0.135,3.194,-0.056,2.812,-0.438
2024-11-25,3.25,2.773,-0.477,3.342,0.092,3.178,-0.072,2.801,-0.449
2024-11-26,3.25,2.773,-0.477,3.343,0.093,3.177,-0.073,2.803,-0.447
2024-11-27,3.25,2.741,-0.509,3.316,0.066,3.172,-0.078,2.8,-0.45
2024-11-28,3.0,2.638,-0.362,3.22,0.22,3.118,0.118,2.756,-0.244
2024-11-29,3.0,2.607,-0.393,3.194,0.194,3.051,0.051,2.711,-0.289
2024-12-02,3.0,2.567,-0.433,3.156,0.156,2.984,-0.016,2.687,-0.313
2024-12-03,3.0,2.585,-0.415,3.169,0.169,2.974,-0.026,2.684,-0.316
2024-12-04,3.0,2.626,-0.374,3.21,0.21,2.985,-0.015,2.707,-0.293
2024-12-05,3.0,2.603,-0.397,3.194,0.194,2.967,-0.033,2.698,-0.302
2024-12-06,3.0,2.62,-0.38,3.212,0.212,2.97,-0.03,2.709,-0.291
2024-12-09,3.0,2.579,-0.421,3.173,0.173,2.939,-0.061,2.682,-0.318
2024-12-10,3.0,2.524,-0.476,3.175,0.175,2.95,-0.05,2.691,-0.309
2024-12-11,3.0,2.536,-0.464,3.188,0.188,2.958,-0.042,2.695,-0.305
2024-12-12,3.0,2.549,-0.451,3.2,0.2,2.961,-0.039,2.698,-0.302
2024-12-13,3.0,2.541,-0.459,3.197,0.197,2.957,-0.043,2.692,-0.308
2024-12-16,3.0,2.553,-0.447,3.212,0.212,2.964,-0.036,2.693,-0.307
2024-12-17,3.0,2.621,-0.379,3.279,0.279,2.99,-0.01,2.712,-0.288
2024-12-18,3.0,2.536,-0.464,3.203,0.203,2.963,-0.037,2.676,-0.324
2024-12-19,3.0,2.603,-0.397,3.275,0.275,2.99,-0.01,2.699,-0.301
2024-12-20,3.0,2.629,-0.371,3.3,0.3,2.997,-0.003,2.705,-0.295
2024-12-23,3.0,2.616,-0.384,3.292,0.292,2.995,-0.005,2.697,-0.303
2024-12-24,3.0,2.626,-0.374,3.308,0.308,3.009,0.009,2.709,-0.291
2024-12-26,3.0,2.648,-0.352,3.33,0.33,3.025,0.025,2.717,-0.283
2024-12-27,3.0,2.634,-0.366,3.321,0.321,3.016,0.016,2.707,-0.293
2024-12-30,3.0,2.597,-0.403,3.285,0.285,3.006,0.006,2.701,-0.299
2024-12-31,3.0,2.596,-0.404,3.284,0.284,3.006,0.006,2.701,-0.299
2025-01-02,3.0,2.507,-0.493,3.197,0.197,2.946,-0.054,2.657,-0.343
2025-01-03,3.0,2.482,-0.518,3.17,0.17,2.903,-0.097,2.646,-0.354
2025-01-06,3.0,2.524,-0.476,3.202,0.202,2.908,-0.092,2.654,-0.346
2025-01-07,3.0,2.508,-0.492,3.187,0.187,2.877,-0.123,2.638,-0.362
2025-01-08,3.0,2.505,-0.495,3.182,0.182,2.848,-0.152,2.631,-0.369
2025-01-09,3.0,2.5,-0.5,3.174,0.174,2.822,-0.178,2.621,-0.379
2025-01-10,3.0,2.561,-0.439,3.22,0.22,2.819,-0.181,2.637,-0.363
2025-01-13,3.0,2.664,-0.336,3.306,0.306,2.84,-0.16,2.664,-0.336
2025-01-14,3.0,2.646,-0.354,3.292,0.292,2.82,-0.18,2.648,-0.352
2025-01-15,3.0,2.675,-0.325,3.315,0.315,2.825,-0.175,2.648,-0.352
2025-01-16,3.0,2.626,-0.374,3.276,0.276,2.797,-0.203,2.619,-0.381
2025-01-17,3.0,2.588,-0.412,3.241,0.241,2.784,-0.216,2.606,-0.394
2025-01-20,3.0,2.623,-0.377,3.268,0.268,2.797,-0.203,2.621,-0.379
2025-01-21,3.0,2.579,-0.421,3.227,0.227,2.785,-0.215,2.612,-0.388
2025-01-22,3.0,2.577,-0.423,3.227,0.227,2.799,-0.201,2.625,-0.375
2025-01-23,3.0,2.578,-0.422,3.218,0.218,2.809,-0.191,2.638,-0.362
2025-01-24,3.0,2.57,-0.43,3.21,0.21,2.806,-0.194,2.639,-0.361
2025-01-31,3.0,2.573,-0.427,3.204,0.204,2.812,-0.188,2.645,-0.355
2025-02-03,3.0,2.572,-0.428,3.196,0.196,2.825,-0.175,2.655,-0.345
2025-02-04,3.0,2.584,-0.416,3.208,0.208,2.828,-0.172,2.657,-0.343
2025-02-05,3.0,2.578,-0.422,3.198,0.198,2.821,-0.179,2.652,-0.348
2025-02-06,3.0,2.582,-0.418,3.196,0.196,2.819,-0.181,2.644,-0.356
2025-02-07,3.0,2.635,-0.365,3.242,0.242,2.838,-0.162,2.659,-0.341
2025-02-10,3.0,2.638,-0.362,3.239,0.239,2.826,-0.174,2.647,-0.353
2025-02-11,3.0,2.633,-0.367,3.228,0.228,2.816,-0.184,2.639,-0.361
2025-02-12,3.0,2.651,-0.349,3.238,0.238,2.815,-0.185,2.632,-0.368
2025-02-13,3.0,2.631,-0.369,3.227,0.227,2.814,-0.186,2.623,-0.377
2025-02-14,3.0,2.611,-0.389,3.208,0.208,2.807,-0.193,2.607,-0.393
2025-02-17,3.0,2.623,-0.377,3.215,0.215,2.812,-0.188,2.605,-0.395
2025-02-18,3.0,2.641,-0.359,3.224,0.224,2.814,-0.186,2.602,-0.398
2025-02-19,3.0,2.63,-0.37,3.214,0.214,2.811,-0.189,2.601,-0.399
2025-02-20,3.0,2.628,-0.372,3.212,0.212,2.814,-0.186,2.603,-0.397
2025-02-21,3.0,2.618,-0.382,3.2,0.2,2.811,-0.189,2.598,-0.402
2025-02-24,3.0,2.61,-0.39,3.191,0.191,2.805,-0.195,2.6,-0.4
2025-02-25,2.75,2.596,-0.154,3.178,0.428,2.798,0.048,2.6,-0.15
2025-02-26,2.75,2.591,-0.159,3.168,0.418,2.783,0.033,2.604,-0.146
2025-02-27,2.75,2.592,-0.158,3.172,0.422,2.798,0.048,2.618,-0.132
2025-02-28,2.75,2.566,-0.184,3.157,0.407,2.796,0.046,2.615,-0.135
2025-03-04,2.75,2.541,-0.209,3.132,0.382,2.798,0.048,2.616,-0.134
2025-03-05,2.75,2.565,-0.185,3.151,0.401,2.815,0.065,2.634,-0.116
2025-03-06,2.75,2.594,-0.156,3.174,0.424,2.829,0.079,2.651,-0.099
2025-03-07,2.75,2.565,-0.185,3.144,0.394,2.806,0.056,2.625,-0.125
2025-03-10,2.75,2.596,-0.154,3.166,0.416,2.816,0.066,2.629,-0.121
2025-03-11,2.75,2.56,-0.19,3.131,0.381,2.811,0.061,2.614,-0.136
2025-03-12,2.75,2.55,-0.2,3.127,0.377,2.812,0.062,2.613,-0.137
2025-03-13,2.75,2.57,-0.18,3.138,0.388,2.825,0.075,2.622,-0.128
2025-03-14,2.75,2.596,-0.154,3.161,0.411,2.835,0.085,2.632,-0.118
2025-03-17,2.75,2.601,-0.149,3.171,0.421,2.839,0.089,2.633,-0.117
2025-03-18,2.75,2.598,-0.152,3.168,0.418,2.835,0.085,2.63,-0.12
2025-03-19,2.75,2.621,-0.129,3.184,0.434,2.834,0.084,2.628,-0.122
2025-03-20,2.75,2.598,-0.152,3.168,0.418,2.822,0.072,2.615,-0.135
2025-03-21,2.75,2.597,-0.153,3.165,0.415,2.823,0.073,2.616,-0.134
2025-03-24,2.75,2.604,-0.146,3.171,0.421,2.826,0.076,2.624,-0.126
2025-03-25,2.75,2.612,-0.138,3.179,0.429,2.828,0.078,2.635,-0.115
2025-03-26,2.75,2.618,-0.132,3.187,0.437,2.828,0.078,2.639,-0.111
2025-03-27,2.75,2.622,-0.128,3.182,0.432,2.827,0.077,2.641,-0.109
2025-03-28,2.75,2.629,-0.121,3.184,0.434,2.825,0.075,2.644,-0.106
2025-03-31,2.75,2.569,-0.181,3.14,0.39,2.794,0.044,2.623,-0.127
2025-04-01,2.75,2.581,-0.169,3.153,0.403,2.797,0.047,2.631,-0.119
2025-04-02,2.75,2.584,-0.166,3.151,0.401,2.786,0.036,2.621,-0.129
2025-04-03,2.75,2.529,-0.221,3.101,0.351,2.717,-0.033,2.555,-0.195
2025-04-04,2.75,2.461,-0.289,3.035,0.285,2.679,-0.071,2.489,-0.261
2025-04-07,2.75,2.405,-0.345,2.986,0.236,2.625,-0.125,2.447,-0.303
2025-04-08,2.75,2.413,-0.337,2.995,0.245,2.638,-0.112,2.469,-0.281
2025-04-09,2.75,2.434,-0.316,3.01,0.26,2.642,-0.108,2.46,-0.29
2025-04-10,2.75,2.437,-0.313,3.017,0.267,2.639,-0.111,2.459,-0.291
2025-04-11,2.75,2.411,-0.339,2.996,0.246,2.624,-0.126,2.442,-0.308
2025-04-14,2.75,2.408,-0.342,2.998,0.248,2.625,-0.125,2.448,-0.302
2025-04-15,2.75,2.399,-0.351,2.984,0.234,2.614,-0.136,2.442,-0.308
2025-04-16,2.75,2.351,-0.399,2.941,0.191,2.591,-0.159,2.424,-0.326
2025-04-17,2.75,2.385,-0.365,2.968,0.218,2.602,-0.148,2.432,-0.318
2025-04-18,2.75,2.362,-0.388,2.942,0.192,2.59,-0.16,2.422,-0.328
2025-04-21,2.75,2.331,-0.419,2.918,0.168,2.566,-0.184,2.413,-0.337
2025-04-22,2.75,2.33,-0.42,2.923,0.173,2.567,-0.183,2.414,-0.336
2025-04-23,2.75,2.337,-0.413,2.927,0.177,2.568,-0.182,2.413,-0.337
2025-04-24,2.75,2.341,-0.409,2.93,0.18,2.568,-0.182,2.412,-0.338
2025-04-25,2.75,2.305,-0.445,2.901,0.151,2.552,-0.198,2.394,-0.356
2025-04-28,2.75,2.316,-0.434,2.909,0.159,2.554,-0.196,2.396,-0.354
2025-04-29,2.75,2.31,-0.44,2.903,0.153,2.551,-0.199,2.392,-0.358
2025-04-30,2.75,2.267,-0.483,2.868,0.118,2.537,-0.213,2.372,-0.378
2025-05-02,2.75,2.282,-0.468,2.872,0.122,2.54,-0.21,2.376,-0.374
2025-05-07,2.75,2.253,-0.497,2.846,0.096,2.529,-0.221,2.357,-0.393
2025-05-08,2.75,2.281,-0.469,2.867,0.117,2.536,-0.214,2.361,-0.389
2025-05-09,2.75,2.331,-0.419,2.91,0.16,2.543,-0.207,2.369,-0.381
2025-05-12,2.75,2.33,-0.42,2.91,0.16,2.542,-0.208,2.368,-0.382
2025-05-13,2.75,2.37,-0.38,2.939,0.189,2.551,-0.199,2.382,-0.368
2025-05-14,2.75,2.351,-0.399,2.924,0.174,2.52,-0.23,2.348,-0.402
2025-05-15,2.75,2.362,-0.388,2.931,0.181,2.521,-0.229,2.342,-0.408
2025-05-16,2.75,2.319,-0.431,2.896,0.146,2.496,-0.254,2.316,-0.434
2025-05-19,2.75,2.366,-0.384,2.935,0.185,2.501,-0.249,2.323,-0.427
2025-05-20,2.75,2.33,-0.42,2.907,0.157,2.484,-0.266,2.302,-0.448
2025-05-21,2.75,2.345,-0.405,2.921,0.171,2.491,-0.259,2.305,-0.445
2025-05-22,2.75,2.336,-0.414,2.917,0.167,2.49,-0.26,2.293,-0.457
2025-05-23,2.75,2.338,-0.412,2.921,0.171,2.489,-0.261,2.291,-0.459
2025-05-26,2.75,2.348,-0.402,2.926,0.176,2.486,-0.264,2.286,-0.464
2025-05-27,2.75,2.34,-0.41,2.913,0.163,2.481,-0.269,2.276,-0.474
2025-05-28,2.75,2.314,-0.436,2.893,0.143,2.479,-0.271,2.266,-0.484
2025-05-29,2.5,2.341,-0.159,2.914,0.414,2.487,-0.013,2.271,-0.229
2025-05-30,2.5,2.347,-0.153,2.917,0.417,2.491,-0.009,2.274,-0.226
2025-06-02,2.5,2.34,-0.16,2.916,0.416,2.491,-0.009,2.27,-0.23
2025-06-04,2.5,2.414,-0.086,2.982,0.482,2.511,0.011,2.298,-0.202
2025-06-05,2.5,2.412,-0.088,2.973,0.473,2.503,0.003,2.287,-0.213
2025-06-09,2.5,2.405,-0.095,2.96,0.46,2.499,-0.001,2.278,-0.222
2025-06-10,2.5,2.385,-0.115,2.955,0.455,2.502,0.002,2.279,-0.221
2025-06-11,2.5,2.419,-0.081,2.974,0.474,2.51,0.01,2.285,-0.215
2025-06-12,2.5,2.429,-0.071,2.972,0.472,2.509,0.009,2.287,-0.213
2025-06-13,2.5,2.462,-0.038,2.997,0.497,2.519,0.019,2.3,-0.2
2025-06-16,2.5,2.483,-0.017,3.016,0.516,2.524,0.024,2.308,-0.192
2025-06-17,2.5,2.448,-0.052,2.986,0.486,2.504,0.004,2.293,-0.207
2025-06-18,2.5,2.472,-0.028,3.0,0.5,2.518,0.018,2.304,-0.196
2025-06-19,2.5,2.475,-0.025,3.005,0.505,2.521,0.021,2.307,-0.193
2025-06-20,2.5,2.463,-0.037,2.996,0.496,2.513,0.013,2.304,-0.196
2025-06-23,2.5,2.498,-0.002,3.019,0.519,2.531,0.031,2.322,-0.178
2025-06-24,2.5,2.461,-0.039,2.983,0.483,2.513,0.013,2.305,-0.195
2025-06-25,2.5,2.46,-0.04,2.981,0.481,2.514,0.014,2.305,-0.195
2025-06-26,2.5,2.454,-0.046,2.969,0.469,2.513,0.013,2.298,-0.202
2025-06-27,2.5,2.453,-0.047,2.967,0.467,2.524,0.024,2.3,-0.2
2025-06-30,2.5,2.452,-0.048,2.963,0.463,2.519,0.019,2.298,-0.202
2025-07-01,2.5,2.454,-0.046,2.959,0.459,2.508,0.008,2.296,-0.204
2025-07-02,2.5,2.483,-0.017,2.981,0.481,2.507,0.007,2.307,-0.193
2025-07-03,2.5,2.449,-0.051,2.952,0.452,2.488,-0.012,2.294,-0.206
2025-07-04,2.5,2.467,-0.033,2.965,0.465,2.493,-0.007,2.305,-0.195
2025-07-07,2.5,2.482,-0.018,2.973,0.473,2.49,-0.01,2.307,-0.193
2025-07-08,2.5,2.477,-0.023,2.968,0.468,2.485,-0.015,2.304,-0.196
2025-07-09,2.5,2.478,-0.022,2.967,0.467,2.482,-0.018,2.296,-0.204
2025-07-10,2.5,2.433,-0.067,2.928,0.428,2.466,-0.034,2.277,-0.223
2025-07-11,2.5,2.448,-0.052,2.938,0.438,2.471,-0.029,2.286,-0.214
2025-07-14,2.5,2.474,-0.026,2.959,0.459,2.482,-0.018,2.297,-0.203
2025-07-15,2.5,2.463,-0.037,2.953,0.453,2.483,-0.017,2.294,-0.206
2025-07-16,2.5,2.459,-0.041,2.95,0.45,2.485,-0.015,2.303,-0.197
2025-07-17,2.5,2.479,-0.021,2.968,0.468,2.496,-0.004,2.314,-0.186
2025-07-18,2.5,2.474,-0.026,2.961,0.461,2.498,-0.002,2.31,-0.19
2025-07-21,2.5,2.456,-0.044,2.948,0.448,2.495,-0.005,2.303,-0.197
2025-07-22,2.5,2.463,-0.037,2.952,0.452,2.499,-0.001,2.302,-0.198
2025-07-23,2.5,2.458,-0.042,2.95,0.45,2.498,-0.002,2.3,-0.2
2025-07-24,2.5,2.467,-0.033,2.96,0.46,2.501,0.001,2.302,-0.198
2025-07-25,2.5,2.485,-0.015,2.974,0.474,2.503,0.003,2.302,-0.198
2025-07-28,2.5,2.464,-0.036,2.958,0.458,2.499,-0.001,2.29,-0.21
2025-07-29,2.5,2.46,-0.04,2.952,0.452,2.496,-0.004,2.279,-0.221
2025-07-30,2.5,2.454,-0.046,2.946,0.446,2.495,-0.005,2.273,-0.227
2025-07-31,2.5,2.46,-0.04,2.952,0.452,2.5,0.0,2.276,-0.224
2025-08-01,2.5,2.478,-0.022,2.97,0.47,2.509,0.009,2.287,-0.213
2025-08-04,2.5,2.421,-0.079,2.917,0.417,2.476,-0.024,2.249,-0.251
2025-08-05,2.5,2.425,-0.075,2.917,0.417,2.478,-0.022,2.249,-0.251
2025-08-06,2.5,2.43,-0.07,2.918,0.418,2.481,-0.019,2.25,-0.25
2025-08-07,2.5,2.408,-0.092,2.901,0.401,2.479,-0.021,2.245,-0.255
2025-08-08,2.5,2.409,-0.091,2.902,0.402,2.483,-0.017,2.246,-0.254
2025-08-11,2.5,2.42,-0.08,2.909,0.409,2.488,-0.012,2.249,-0.251
2025-08-12,2.5,2.431,-0.069,2.917,0.417,2.495,-0.005,2.25,-0.25
2025-08-13,2.5,2.417,-0.083,2.907,0.407,2.493,-0.007,2.242,-0.258
2025-08-14,2.5,2.404,-0.096,2.896,0.396,2.49,-0.01,2.236,-0.264
2025-08-18,2.5,2.426,-0.074,2.912,0.412,2.499,-0.001,2.245,-0.255
2025-08-19,2.5,2.444,-0.056,2.924,0.424,2.501,0.001,2.246,-0.254
2025-08-20,2.5,2.441,-0.059,2.923,0.423,2.5,0.0,2.242,-0.258
2025-08-21,2.5,2.438,-0.062,2.921,0.421,2.499,-0.001,2.241,-0.259
2025-08-22,2.5,2.456,-0.044,2.932,0.432,2.501,0.001,2.246,-0.254
2025-08-25,2.5,2.434,-0.066,2.915,0.415,2.491,-0.009,2.238,-0.262
2025-08-26,2.5,2.422,-0.078,2.902,0.402,2.486,-0.014,2.23,-0.27
2025-08-27,2.5,2.402,-0.098,2.887,0.387,2.481,-0.019,2.224,-0.276
2025-08-28,2.5,2.416,-0.084,2.898,0.398,2.488,-0.012,2.231,-0.269
2025-08-29,2.5,2.426,-0.074,2.906,0.406,2.494,-0.006,2.237,-0.263
2025-09-01,2.5,2.435,-0.065,2.913,0.413,2.502,0.002,2.243,-0.257
2025-09-02,2.5,2.45,-0.05,2.924,0.424,2.507,0.007,2.249,-0.251
2025-09-03,2.5,2.475,-0.025,2.946,0.446,2.518,0.018,2.261,-0.239
2025-09-04,2.5,2.472,-0.028,2.943,0.443,2.516,0.016,2.261,-0.239
2025-09-05,2.5,2.46,-0.04,2.931,0.431,2.512,0.012,2.261,-0.239
2025-09-08,2.5,2.448,-0.052,2.918,0.418,2.512,0.012,2.261,-0.239
2025-09-09,2.5,2.425,-0.075,2.898,0.398,2.508,0.008,2.258,-0.242
2025-09-10,2.5,2.43,-0.07,2.902,0.402,2.518,0.018,2.257,-0.243
2025-09-11,2.5,2.42,-0.08,2.892,0.392,2.512,0.012,2.251,-0.249
2025-09-12,2.5,2.431,-0.069,2.901,0.401,2.514,0.014,2.257,-0.243
2025-09-15,2.5,2.443,-0.057,2.909,0.409,2.516,0.016,2.259,-0.241
2025-09-16,2.5,2.417,-0.083,2.885,0.385,2.507,0.007,2.25,-0.25
2025-09-17,2.5,2.418,-0.082,2.881,0.381,2.513,0.013,2.251,-0.249
2025-09-18,2.5,2.403,-0.097,2.868,0.368,2.51,0.01,2.249,-0.251
2025-09-19,2.5,2.441,-0.059,2.898,0.398,2.526,0.026,2.263,-0.237
2025-09-22,2.5,2.459,-0.041,2.912,0.412,2.532,0.032,2.27,-0.23
2025-09-23,2.5,2.46,-0.04,2.912,0.412,2.535,0.035,2.272,-0.228
2025-09-24,2.5,2.489,-0.011,2.935,0.435,2.544,0.044,2.283,-0.217
2025-09-25,2.5,2.528,0.028,2.969,0.469,2.559,0.059,2.298,-0.202
2025-09-26,2.5,2.562,0.062,3.001,0.501,2.583,0.083,2.318,-0.182
2025-09-29,2.5,2.563,0.063,3.004,0.504,2.584,0.084,2.322,-0.178
2025-09-30,2.5,2.582,0.082,3.022,0.522,2.586,0.086,2.316,-0.184
2025-10-01,2.5,2.596,0.096,3.033,0.533,2.581,0.081,2.319,-0.181
2025-10-02,2.5,2.581,0.081,3.019,0.519,2.565,0.065,2.309,-0.191
2025-10-10,2.5,2.591,0.091,3.026,0.526,2.569,0.069,2.311,-0.189
2025-10-13,2.5,2.554,0.054,2.995,0.495,2.555,0.055,2.295,-0.205
2025-10-14,2.5,2.533,0.033,2.975,0.475,2.547,0.047,2.284,-0.216
2025-10-15,2.5,2.52,0.02,2.966,0.466,2.544,0.044,2.285,-0.215
2025-10-16,2.5,2.569,0.069,3.004,0.504,2.559,0.059,2.299,-0.201
2025-10-17,2.5,2.555,0.055,2.99,0.49,2.549,0.049,2.29,-0.21
2025-10-20,2.5,2.569,0.069,3.004,0.504,2.556,0.056,2.307,-0.193
2025-10-21,2.5,2.6,0.1,3.024,0.524,2.565,0.065,2.32,-0.18
2025-10-22,2.5,2.572,0.072,2.999,0.499,2.556,0.056,2.311,-0.189
2025-10-23,2.5,2.605,0.105,3.027,0.527,2.576,0.076,2.326,-0.174
2025-10-24,2.5,2.591,0.091,3.013,0.513,2.57,0.07,2.319,-0.181
2025-10-27,2.5,2.62,0.12,3.036,0.536,2.585,0.085,2.334,-0.166
2025-10-28,2.5,2.633,0.133,3.047,0.547,2.592,0.092,2.345,-0.155
2025-10-29,2.5,2.677,0.177,3.085,0.585,2.613,0.113,2.368,-0.132
2025-10-30,2.5,2.732,0.232,3.135,0.635,2.649,0.149,2.406,-0.094
2025-10-31,2.5,2.716,0.216,3.122,0.622,2.648,0.148,2.401,-0.099
2025-11-03,2.5,2.741,0.241,3.147,0.647,2.663,0.163,2.419,-0.081
2025-11-04,2.5,2.729,0.229,3.136,0.636,2.665,0.165,2.42,-0.08
2025-11-05,2.5,2.767,0.267,3.169,0.669,2.681,0.181,2.438,-0.062
2025-11-06,2.5,2.834,0.334,3.232,0.732,2.729,0.229,2.471,-0.029
2025-11-07,2.5,2.894,0.394,3.286,0.786,2.76,0.26,2.511,0.011
2025-11-10,2.5,2.865,0.365,3.261,0.761,2.757,0.257,2.504,0.004
2025-11-11,2.5,2.831,0.331,3.236,0.736,2.743,0.243,2.486,-0.014
2025-11-12,2.5,2.923,0.423,3.331,0.831,2.797,0.297,2.545,0.045
2025-11-13,2.5,2.932,0.432,3.345,0.845,2.804,0.304,2.546,0.046
2025-11-14,2.5,2.944,0.444,3.365,0.865,2.814,0.314,2.558,0.058
2025-11-17,2.5,2.914,0.414,3.342,0.842,2.806,0.306,2.545,0.045
2025-11-18,2.5,2.872,0.372,3.309,0.809,2.788,0.288,2.525,0.025
2025-11-19,2.5,2.869,0.369,3.308,0.808,2.788,0.288,2.518,0.018
2025-11-20,2.5,2.908,0.408,3.34,0.84,2.792,0.292,2.521,0.021
2025-11-21,2.5,2.872,0.372,3.308,0.808,2.774,0.274,2.501,0.001
2025-11-24,2.5,2.904,0.404,3.338,0.838,2.784,0.284,2.51,0.01
2025-11-25,2.5,2.902,0.402,3.334,0.834,2.782,0.282,2.511,0.011
2025-11-26,2.5,2.895,0.395,3.328,0.828,2.781,0.281,2.508,0.008
2025-11-27,2.5,3.013,0.513,3.446,0.946,2.846,0.346,2.58,0.08
2025-11-28,2.5,2.991,0.491,3.428,0.928,2.841,0.341,2.573,0.073
2025-12-01,2.5,3.045,0.545,3.481,0.981,2.863,0.363,2.593,0.093
2025-12-02,2.5,3.022,0.522,3.463,0.963,2.848,0.348,2.582,0.082
2025-12-03,2.5,3.041,0.541,3.484,0.984,2.853,0.353,2.589,0.089
2025-12-04,2.5,3.025,0.525,3.474,0.974,2.845,0.345,2.577,0.077
2025-12-05,2.5,2.994,0.494,3.453,0.953,2.833,0.333,2.564,0.064
2025-12-08,2.5,3.034,0.534,3.492,0.992,2.849,0.349,2.581,0.081
2025-12-09,2.5,3.084,0.584,3.545,1.045,2.867,0.367,2.603,0.103
2025-12-10,2.5,3.095,0.595,3.574,1.074,2.877,0.377,2.608,0.108
2025-12-11,2.5,3.101,0.601,3.585,1.085,2.877,0.377,2.609,0.109
2025-12-12,2.5,3.093,0.593,3.582,1.082,2.873,0.373,2.598,0.098
2025-12-15,2.5,3.0,0.5,3.499,0.999,2.83,0.33,2.548,0.048
2025-12-16,2.5,2.999,0.499,3.507,1.007,2.828,0.328,2.55,0.05
2025-12-17,2.5,2.996,0.496,3.507,1.007,2.826,0.326,2.549,0.049
2025-12-18,2.5,2.967,0.467,3.484,0.984,2.801,0.301,2.523,0.023
2025-12-19,2.5,3.01,0.51,3.523,1.023,2.825,0.325,2.535,0.035
2025-12-22,2.5,2.999,0.499,3.513,1.013,2.818,0.318,2.526,0.026
2025-12-23,2.5,2.963,0.463,3.5,1.0,2.81,0.31,2.518,0.018
2025-12-24,2.5,2.939,0.439,3.475,0.975,2.797,0.297,2.51,0.01
2025-12-26,2.5,2.958,0.458,3.489,0.989,2.803,0.303,2.519,0.019
2025-12-29,2.5,2.939,0.439,3.47,0.97,2.785,0.285,2.508,0.008
2025-12-30,2.5,2.952,0.452,3.476,0.976,2.788,0.288,2.511,0.011
2025-12-31,2.5,2.953,0.453,3.476,0.976,2.788,0.288,2.511,0.011
2026-01-02,2.5,2.935,0.435,3.459,0.959,2.785,0.285,2.507,0.007
2026-01-05,2.5,2.933,0.433,3.457,0.957,2.773,0.273,2.518,0.018
2026-01-06,2.5,2.948,0.448,3.46,0.96,2.763,0.263,2.519,0.019
2026-01-07,2.5,2.91,0.41,3.423,0.923,2.734,0.234,2.501,0.001
2026-01-08,2.5,2.902,0.402,3.418,0.918,2.729,0.229,2.506,0.006
2026-01-09,2.5,2.942,0.442,3.445,0.945,2.735,0.235,2.521,0.021
2026-01-12,2.5,2.98,0.48,3.469,0.969,2.737,0.237,2.525,0.025
2026-01-13,2.5,3.003,0.503,3.486,0.986,2.718,0.218,2.528,0.028
2026-01-14,2.5,2.996,0.496,3.481,0.981,2.713,0.213,2.524,0.024
2026-01-15,2.5,3.09,0.59,3.565,1.065,2.747,0.247,2.565,0.065
2026-01-16,2.5,3.08,0.58,3.56,1.06,2.746,0.246,2.563,0.063
2026-01-19,2.5,3.13,0.63,3.599,1.099,2.769,0.269,2.58,0.08
2026-01-20,2.5,3.191,0.691,3.653,1.153,2.787,0.287,2.596,0.096
2026-01-21,2.5,3.138,0.638,3.624,1.124,2.785,0.285,2.581,0.081
2026-01-22,2.5,3.109,0.609,3.615,1.115,2.792,0.292,2.574,0.074
2026-01-23,2.5,3.137,0.637,3.644,1.144,2.817,0.317,2.592,0.092
2026-01-26,2.5,3.096,0.596,3.611,1.111,2.819,0.319,2.586,0.086
2026-01-27,2.5,3.094,0.594,3.607,1.107,2.862,0.362,2.589,0.089
2026-01-28,2.5,3.067,0.567,3.589,1.089,2.876,0.376,2.594,0.094
2026-01-29,2.5,3.106,0.606,3.626,1.126,2.91,0.41,2.61,0.11
2026-01-30,2.5,3.138,0.638,3.658,1.158,2.938,0.438,2.63,0.13
2026-02-02,2.5,3.152,0.652,3.668,1.168,2.948,0.448,2.643,0.143
2026-02-03,2.5,3.189,0.689,3.708,1.208,2.968,0.468,2.667,0.167
2026-02-04,2.5,3.212,0.712,3.731,1.231,2.976,0.476,2.68,0.18
2026-02-05,2.5,3.204,0.704,3.724,1.224,2.974,0.474,2.674,0.174
2026-02-06,2.5,3.233,0.733,3.755,1.255,2.983,0.483,2.685,0.185
2026-02-09,2.5,3.267,0.767,3.787,1.287,2.985,0.485,2.686,0.186
2026-02-10,2.5,3.224,0.724,3.759,1.259,2.968,0.468,2.671,0.171
2026-02-11,2.5,3.2,0.7,3.746,1.246,2.959,0.459,2.68,0.18
2026-02-12,2.5,3.154,0.654,3.716,1.216,2.948,0.448,2.669,0.169
2026-02-13,2.5,3.142,0.642,3.705,1.205,2.938,0.438,2.655,0.155
2026-02-19,2.5,3.178,0.678,3.735,1.235,2.934,0.434,2.66,0.16
2026-02-20,2.5,3.143,0.643,3.718,1.218,2.906,0.406,2.647,0.147
2026-02-23,2.5,3.154,0.654,3.725,1.225,2.9,0.4,2.652,0.152
2026-02-24,2.5,3.158,0.658,3.73,1.23,2.895,0.395,2.653,0.153
2026-02-25,2.5,3.124,0.624,3.705,1.205,2.882,0.382,2.646,0.146
2026-02-26,2.5,3.062,0.562,3.653,1.153,2.86,0.36,2.624,0.124
2026-02-27,2.5,3.041,0.541,3.637,1.137,2.855,0.355,2.617,0.117
2026-03-03,2.5,3.18,0.68,3.769,1.269,2.936,0.436,2.681,0.181
2026-03-04,2.5,3.223,0.723,3.8,1.3,2.937,0.437,2.693,0.193
2026-03-05,2.5,3.189,0.689,3.777,1.277,2.918,0.418,2.681,0.181
2026-03-06,2.5,3.227,0.727,3.815,1.315,2.927,0.427,2.694,0.194
2026-03-09,2.5,3.42,0.92,3.997,1.497,2.998,0.498,2.755,0.255
2026-03-10,2.5,3.283,0.783,3.874,1.374,2.952,0.452,2.713,0.213
2026-03-11,2.5,3.253,0.753,3.845,1.345,2.945,0.445,2.707,0.207
2026-03-12,2.5,3.271,0.771,3.866,1.366,2.957,0.457,2.713,0.213
2026-03-13,2.5,3.338,0.838,3.919,1.419,2.979,0.479,2.737,0.237
2026-03-16,2.5,3.3,0.8,3.887,1.387,2.967,0.467,2.72,0.22
2026-03-17,2.5,3.324,0.824,3.906,1.406,2.953,0.453,2.721,0.221
2026-03-18,2.5,3.261,0.761,3.855,1.355,2.929,0.429,2.7,0.2
2026-03-19,2.5,3.329,0.829,3.915,1.415,2.961,0.461,2.729,0.229
2026-03-20,2.5,3.41,0.91,3.991,1.491,2.994,0.494,2.761,0.261
2026-03-23,2.5,3.617,1.117,4.197,1.697,3.069,0.569,2.837,0.337
2026-03-24,2.5,3.523,1.023,4.121,1.621,3.042,0.542,2.819,0.319
2026-03-25,2.5,3.558,1.058,4.158,1.658,3.09,0.59,2.83,0.33
2026-03-26,2.5,3.552,1.052,4.156,1.656,3.101,0.601,2.83,0.33
2026-03-27,2.5,3.582,1.082,4.182,1.682,3.129,0.629,2.852,0.352
2026-03-30,2.5,3.542,1.042,4.157,1.657,3.128,0.628,2.844,0.344
2026-03-31,2.5,3.552,1.052,4.166,1.666,3.132,0.632,2.846,0.346
2026-04-01,2.5,3.37,0.87,4.011,1.511,3.066,0.566,2.769,0.269
2026-04-02,2.5,3.477,0.977,4.114,1.614,3.136,0.636,2.896,0.396
2026-04-03,2.5,3.448,0.948,4.093,1.593,3.112,0.612,2.899,0.399
2026-04-06,2.5,3.432,0.932,4.081,1.581,3.112,0.612,2.911,0.411
2026-04-07,2.5,3.451,0.951,4.107,1.607,3.123,0.623,2.925,0.425
2026-04-08,2.5,3.315,0.815,3.973,1.473,3.056,0.556,2.875,0.375
2026-04-09,2.5,3.338,0.838,3.999,1.499,3.059,0.559,2.873,0.373
2026-04-10,2.5,3.36,0.86,4.018,1.518,3.061,0.561,2.873,0.373
2026-04-13,2.5,3.382,0.882,4.043,1.543,3.08,0.58,2.881,0.381
2026-04-14,2.5,3.339,0.839,4.005,1.505,3.06,0.56,2.86,0.36
2026-04-15,2.5,3.328,0.828,3.995,1.495,3.057,0.557,2.854,0.354
2026-04-16,2.5,3.34,0.84,4.005,1.505,3.059,0.559,2.853,0.353
2026-04-17,2.5,3.371,0.871,4.037,1.537,3.071,0.571,2.864,0.364
2026-04-20,2.5,3.348,0.848,4.016,1.516,3.063,0.563,2.854,0.354
2026-04-21,2.5,3.33,0.83,3.994,1.494,3.057,0.557,2.844,0.344
2026-04-22,2.5,3.365,0.865,4.028,1.528,3.07,0.57,2.853,0.353
2026-04-23,2.5,3.458,0.958,4.107,1.607,3.112,0.612,2.879,0.379
2026-04-24,2.5,3.496,0.996,4.145,1.645,3.122,0.622,2.886,0.386
2026-04-27,2.5,3.492,0.992,4.147,1.647,3.108,0.608,2.873,0.373
2026-04-28,2.5,3.529,1.029,4.182,1.682,3.112,0.612,2.871,0.371
2026-04-29,2.5,3.525,1.025,4.185,1.685,3.109,0.609,2.861,0.361
2026-04-30,2.5,3.595,1.095,4.248,1.748,3.138,0.638,2.879,0.379
2026-05-04,2.5,3.615,1.115,4.268,1.768,3.153,0.653,2.89,0.39
2026-05-06,2.5,3.595,1.095,4.249,1.749,3.143,0.643,2.881,0.381
2026-05-07,2.5,3.546,1.046,4.199,1.699,3.113,0.613,2.849,0.349
2026-05-08,2.5,3.569,1.069,4.218,1.718,3.129,0.629,2.856,0.356
2026-05-11,2.5,3.598,1.098,4.245,1.745,3.147,0.647,2.865,0.365
2026-05-12,2.5,3.674,1.174,4.311,1.811,3.176,0.676,2.891,0.391
2026-05-13,2.5,3.635,1.135,4.273,1.773,3.162,0.662,2.886,0.386
2026-05-14,2.5,3.654,1.154,4.284,1.784,3.171,0.671,2.885,0.385
2026-05-15,2.5,3.766,1.266,4.391,1.891,3.23,0.73,2.92,0.42
2026-05-18,2.5,3.757,1.257,4.381,1.881,3.23,0.73,2.905,0.405
2026-05-19,2.5,3.751,1.251,4.377,1.877,3.23,0.73,2.896,0.396
2026-05-20,2.5,3.76,1.26,4.386,1.886,3.239,0.739,2.893,0.393
2026-05-21,2.5,3.753,1.253,4.381,1.881,3.243,0.743,2.884,0.384
2026-05-22,2.5,3.736,1.236,4.361,1.861,3.249,0.749,2.88,0.38
2026-05-26,2.5,3.664,1.164,4.295,1.795,3.246,0.746,2.871,0.371
2026-05-27,2.5,3.711,1.211,4.336,1.836,3.29,0.79,2.92,0.42
2026-05-28,2.5,3.766,1.266,4.384,1.884,3.348,0.848,2.956,0.456
2026-05-29,2.5,3.731,1.231,4.353,1.853,3.343,0.843,2.95,0.45
2026-06-01,2.5,3.79,1.29,4.41,1.91,3.397,0.897,2.989,0.489
2026-06-02,2.5,3.773,1.273,4.397,1.897,3.402,0.902,2.991,0.491
2026-06-04,2.5,3.858,1.358,4.48,1.98,3.456,0.956,3.037,0.537
2026-06-05,2.5,3.882,1.382,4.501,2.001,3.483,0.983,3.048,0.548
2026-06-08,2.5,3.94,1.44,4.565,2.065,3.527,1.027,3.087,0.587
2026-06-09,2.5,3.856,1.356,4.492,1.992,3.516,1.016,3.07,0.57
2026-06-10,2.5,3.881,1.381,4.499,1.999,3.536,1.036,3.069,0.569
2026-06-11,2.5,3.904,1.404,4.515,2.015,3.552,1.052,3.074,0.574
2026-06-12,2.5,3.808,1.308,4.433,1.933,3.527,1.027,3.04,0.54
2026-06-15,2.5,3.744,1.244,4.373,1.873,3.512,1.012,3.018,0.518
2026-06-16,2.5,3.717,1.217,4.348,1.848,3.508,1.008,3.004,0.504
2026-06-17,2.5,3.71,1.21,4.345,1.845,3.513,1.013,2.992,0.492
2026-06-18,2.5,3.75,1.25,4.381,1.881,3.534,1.034,3.005,0.505
2026-06-19,2.5,3.784,1.284,4.419,1.919,3.557,1.057,3.024,0.524
2026-06-22,2.5,3.81,1.31,4.442,1.942,3.574,1.074,3.031,0.531
2026-06-23,2.5,3.77,1.27,4.417,1.917,3.584,1.084,3.025,0.525
2026-06-24,2.5,3.772,1.272,4.428,1.928,3.602,1.102,3.031,0.531
