날짜,15:30 종가,02:00 종가
2023-07-10,1306.5,
2023-07-11,1293.7,
2023-07-12,1288.7,
2023-07-13,1274.0,
2023-07-14,1265.8,
2023-07-17,1266.6,
2023-07-18,1260.4,
2023-07-19,1265.6,
2023-07-20,1269.9,
2023-07-21,1283.4,
2023-07-24,1279.9,
2023-07-25,1275.4,
2023-07-26,1274.5,
2023-07-27,1277.7,
2023-07-28,1277.0,
2023-07-31,1274.6,
2023-08-01,1283.8,
2023-08-02,1298.5,
2023-08-03,1299.1,
2023-08-04,1309.8,
2023-08-07,1306.2,
2023-08-08,1315.7,
2023-08-09,1315.7,
2023-08-10,1316.0,
2023-08-11,1324.9,
2023-08-14,1330.9,
2023-08-16,1336.9,
2023-08-17,1342.0,
2023-08-18,1338.3,
2023-08-21,1342.6,
2023-08-22,1335.5,
2023-08-23,1339.7,
2023-08-24,1322.6,
2023-08-25,1325.2,
2023-08-28,1323.4,
2023-08-29,1321.9,
2023-08-30,1323.4,
2023-08-31,1321.8,
2023-09-01,1318.8,
2023-09-04,1319.8,
2023-09-05,1330.6,
2023-09-06,1330.5,
2023-09-07,1335.4,
2023-09-08,1333.4,
2023-09-11,1331.1,
2023-09-12,1327.8,
2023-09-13,1330.0,
2023-09-14,1325.7,
2023-09-15,1325.9,
2023-09-18,1324.4,
2023-09-19,1328.5,
2023-09-20,1330.1,
2023-09-21,1339.7,
2023-09-22,1336.8,
2023-09-25,1336.5,
2023-09-26,1348.5,
2023-09-27,1349.3,
2023-10-04,1363.5,
2023-10-05,1350.5,
2023-10-06,1349.9,
2023-10-10,1349.5,
2023-10-11,1338.7,
2023-10-12,1338.5,
2023-10-13,1350.0,
2023-10-16,1353.7,
2023-10-17,1353.6,
2023-10-18,1349.6,
2023-10-19,1357.4,
2023-10-20,1352.4,
2023-10-23,1353.7,
2023-10-24,1343.1,
2023-10-25,1349.7,
2023-10-26,1360.0,
2023-10-27,1355.9,
2023-10-30,1350.9,
2023-10-31,1350.5,
2023-11-01,1357.3,
2023-11-02,1342.9,
2023-11-03,1322.4,
2023-11-06,1297.3,
2023-11-07,1307.9,
2023-11-08,1310.6,
2023-11-09,1310.1,
2023-11-10,1316.8,
2023-11-13,1325.1,
2023-11-14,1328.9,
2023-11-15,1300.8,
2023-11-16,1296.9,
2023-11-17,1296.9,
2023-11-20,1291.6,
2023-11-21,1289.2,
2023-11-22,1300.5,
2023-11-23,1297.5,
2023-11-24,1306.4,
2023-11-27,1303.8,
2023-11-28,1293.7,
2023-11-29,1289.6,
2023-11-30,1290.0,
2023-12-01,1305.8,
2023-12-04,1304.0,
2023-12-05,1311.2,
2023-12-06,1313.1,
2023-12-07,1325.3,
2023-12-08,1306.8,
2023-12-11,1316.5,
2023-12-12,1314.0,
2023-12-13,1319.9,
2023-12-14,1295.4,
2023-12-15,1296.5,
2023-12-18,1297.2,
2023-12-19,1307.8,
2023-12-20,1298.9,
2023-12-21,1305.1,
2023-12-22,1303.0,
2023-12-26,1294.5,
2023-12-27,1294.2,
2023-12-28,1288.0,
2024-01-02,1300.4,
2024-01-03,1304.8,
2024-01-04,1310.0,
2024-01-05,1315.4,
2024-01-08,1316.0,
2024-01-09,1315.7,
2024-01-10,1320.1,
2024-01-11,1312.9,
2024-01-12,1313.5,
2024-01-15,1320.2,
2024-01-16,1331.8,
2024-01-17,1344.2,
2024-01-18,1339.7,
2024-01-19,1339.0,
2024-01-22,1338.9,
2024-01-23,1333.4,
2024-01-24,1337.0,
2024-01-25,1335.8,
2024-01-26,1336.3,
2024-01-29,1335.7,
2024-01-30,1329.4,
2024-01-31,1334.6,
2024-02-01,1331.8,
2024-02-02,1322.6,
2024-02-05,1330.8,
2024-02-06,1327.6,
2024-02-07,1327.8,
2024-02-08,1328.2,
2024-02-13,1328.1,
2024-02-14,1335.4,
2024-02-15,1334.0,
2024-02-16,1335.4,
2024-02-19,1335.2,
2024-02-20,1337.6,
2024-02-21,1334.7,
2024-02-22,1328.7,
2024-02-23,1331.0,
2024-02-26,1331.1,
2024-02-27,1331.0,
2024-02-28,1333.6,
2024-02-29,1331.5,
2024-03-04,1331.3,
2024-03-05,1334.5,
2024-03-06,1334.5,
2024-03-07,1330.9,
2024-03-08,1319.8,
2024-03-11,1310.3,
2024-03-12,1311.0,
2024-03-13,1314.5,
2024-03-14,1317.6,
2024-03-15,1330.5,
2024-03-18,1333.7,
2024-03-19,1339.8,
2024-03-20,1339.6,
2024-03-21,1322.4,
2024-03-22,1338.4,
2024-03-25,1342.1,
2024-03-26,1339.5,
2024-03-27,1348.7,
2024-03-28,1346.2,
2024-03-29,1347.2,
2024-04-01,1349.4,
2024-04-02,1352.1,
2024-04-03,1348.9,
2024-04-04,1347.1,
2024-04-05,1352.8,
2024-04-08,1353.2,
2024-04-09,1354.9,
2024-04-11,1364.1,
2024-04-12,1375.4,
2024-04-15,1384.0,
2024-04-16,1394.5,
2024-04-17,1386.8,
2024-04-18,1372.9,
2024-04-19,1382.2,
2024-04-22,1379.2,
2024-04-23,1378.3,
2024-04-24,1369.2,
2024-04-25,1375.0,
2024-04-26,1375.3,
2024-04-29,1377.0,
2024-04-30,1382.0,
2024-05-02,1375.9,
2024-05-03,1362.8,
2024-05-07,1360.1,
2024-05-08,1361.5,
2024-05-09,1370.1,
2024-05-10,1368.1,
2024-05-13,1368.2,
2024-05-14,1369.1,
2024-05-16,1345.0,
2024-05-17,1354.9,
2024-05-20,1355.9,
2024-05-21,1363.3,
2024-05-22,1362.9,
2024-05-23,1362.4,
2024-05-24,1369.5,
2024-05-27,1363.8,
2024-05-28,1358.5,
2024-05-29,1365.0,
2024-05-30,1379.4,
2024-05-31,1384.5,
2024-06-03,1376.1,
2024-06-04,1376.0,
2024-06-05,1373.0,
2024-06-07,1365.3,
2024-06-10,1376.0,
2024-06-11,1378.4,
2024-06-12,1376.2,
2024-06-13,1373.9,
2024-06-14,1379.3,
2024-06-17,1381.2,
2024-06-18,1381.1,
2024-06-19,1381.8,
2024-06-20,1384.7,
2024-06-21,1388.3,
2024-06-24,1389.0,
2024-06-25,1387.5,
2024-06-26,1388.7,
2024-06-27,1385.8,
2024-06-28,1376.7,
2024-07-01,1379.3,1383.8
2024-07-02,1388.2,1386.9
2024-07-03,1390.6,1385.8
2024-07-04,1380.4,1381.0
2024-07-05,1380.3,1381.4
2024-07-08,1383.3,1383.1
2024-07-09,1381.6,1383.5
2024-07-10,1384.7,1384.0
2024-07-11,1378.8,1373.0
2024-07-12,1379.6,1375.7
2024-07-15,1382.8,1383.2
2024-07-16,1384.9,1385.0
2024-07-17,1381.5,1381.3
2024-07-18,1381.7,1383.4
2024-07-19,1386.7,1390.2
2024-07-22,1388.2,1388.2
2024-07-23,1386.2,1386.1
2024-07-24,1383.8,1379.9
2024-07-25,1385.4,1383.0
2024-07-26,1385.8,1384.0
2024-07-29,1381.9,1383.7
2024-07-30,1385.3,1384.6
2024-07-31,1376.5,1370.2
2024-08-01,1366.2,1369.8
2024-08-02,1371.2,1361.5
2024-08-05,1374.8,1370.0
2024-08-06,1375.6,1377.6
2024-08-07,1376.8,1374.0
2024-08-08,1377.2,1377.2
2024-08-09,1364.6,1365.3
2024-08-12,1372.0,1369.6
2024-08-13,1370.4,1366.5
2024-08-14,1360.6,1358.0
2024-08-16,1357.6,1351.3
2024-08-19,1334.0,1334.8
2024-08-20,1333.2,1331.5
2024-08-21,1336.6,1333.8
2024-08-22,1334.7,1343.5
2024-08-23,1338.8,1328.0
2024-08-26,1326.8,1329.8
2024-08-27,1331.0,1331.5
2024-08-28,1339.0,1337.0
2024-08-29,1333.2,1332.5
2024-08-30,1336.0,1337.5
2024-09-02,1338.4,1338.5
2024-09-03,1341.4,1341.4
2024-09-04,1342.2,1336.0
2024-09-05,1335.9,1333.5
2024-09-06,1327.6,1339.9
2024-09-09,1339.8,1341.0
2024-09-10,1343.7,1343.8
2024-09-11,1339.0,1341.5
2024-09-12,1338.7,1341.6
2024-09-13,1329.5,1329.6
2024-09-19,1329.0,1329.2
2024-09-20,1329.1,1333.0
2024-09-23,1335.9,1334.8
2024-09-24,1334.9,1330.4
2024-09-25,1331.0,1336.1
2024-09-26,1327.2,1317.4
2024-09-27,1318.6,1310.1
2024-09-30,1307.8,1316.8
2024-10-02,1319.3,1324.4
2024-10-04,1333.7,1349.5
2024-10-07,1346.7,1344.5
2024-10-08,1349.7,1346.0
2024-10-10,1350.2,1355.2
2024-10-11,1349.5,1351.3
2024-10-14,1355.9,1358.5
2024-10-15,1361.3,1366.3
2024-10-16,1362.6,1364.5
2024-10-17,1368.6,1372.7
2024-10-18,1369.7,1369.3
2024-10-21,1375.2,1378.8
2024-10-22,1380.1,1379.6
2024-10-23,1382.2,1381.6
2024-10-24,1380.2,1382.3
2024-10-25,1388.7,1389.2
2024-10-28,1385.0,1385.7
2024-10-29,1386.5,1382.2
2024-10-30,1382.4,1379.8
2024-10-31,1379.9,1377.0
2024-11-01,1379.4,1378.0
2024-11-04,1370.9,1375.5
2024-11-05,1378.6,1380.1
2024-11-06,1396.2,1399.3
2024-11-07,1396.6,1385.7
2024-11-08,1386.4,1395.3
2024-11-11,1394.7,1401.0
2024-11-12,1403.5,1408.9
2024-11-13,1406.6,1397.5
2024-11-14,1405.1,1402.5
2024-11-15,1398.8,1400.0
2024-11-18,1395.2,1393.5
2024-11-19,1390.9,1393.0
2024-11-20,1390.9,1400.9
2024-11-21,1397.5,1402.0
2024-11-22,1401.8,1404.2
2024-11-25,1402.2,1399.0
2024-11-26,1398.2,1396.1
2024-11-27,1397.0,1393.0
2024-11-28,1395.6,1394.5
2024-11-29,1394.7,1396.5
2024-12-02,1401.3,1401.7
2024-12-03,1402.9,1425.0
2024-12-04,1410.1,1413.6
2024-12-05,1415.1,1417.3
2024-12-06,1419.2,1423.0
2024-12-09,1437.0,1435.0
2024-12-10,1426.9,1432.8
2024-12-11,1432.2,1430.9
2024-12-12,1431.9,1430.5
2024-12-13,1433.0,1435.2
2024-12-16,1435.0,1436.0
2024-12-17,1438.9,1437.1
2024-12-18,1435.5,1439.1
2024-12-19,1451.9,1447.3
2024-12-20,1451.4,1448.5
2024-12-23,1452.0,1450.9
2024-12-24,1456.4,1457.5
2024-12-26,1464.8,1469.6
2024-12-27,1467.5,1470.5
2024-12-30,1472.5,1472.3
2025-01-02,1466.6,1469.1
2025-01-03,1468.4,1469.7
2025-01-06,1469.7,1459.2
2025-01-07,1453.5,1453.0
2025-01-08,1455.0,1459.6
2025-01-09,1460.5,1460.0
2025-01-10,1465.0,1472.0
2025-01-13,1470.8,1467.5
2025-01-14,1463.2,1462.0
2025-01-15,1461.2,1454.7
2025-01-16,1456.7,1457.5
2025-01-17,1458.3,1457.7
2025-01-20,1451.7,1440.0
2025-01-21,1439.5,1435.5
2025-01-22,1437.6,1436.2
2025-01-23,1437.3,1433.7
2025-01-24,1431.3,1431.4
2025-01-31,1452.7,1453.5
2025-02-03,1467.2,1462.0
2025-02-04,1462.9,1451.5
2025-02-05,1444.3,1443.5
2025-02-06,1447.7,1447.5
2025-02-07,1447.8,1454.0
2025-02-10,1451.2,1451.8
2025-02-11,1452.6,1452.2
2025-02-12,1453.4,1456.0
2025-02-13,1447.5,1446.6
2025-02-14,1443.5,1441.9
2025-02-17,1441.7,1442.0
2025-02-18,1443.7,1439.5
2025-02-19,1438.5,1441.4
2025-02-20,1437.9,1435.5
2025-02-21,1434.3,1433.7
2025-02-24,1427.4,1430.5
2025-02-25,1430.4,1434.4
2025-02-26,1433.1,1433.8
2025-02-27,1443.0,1445.3
2025-02-28,1463.4,1460.0
2025-03-04,1461.8,1460.3
2025-03-05,1454.5,1450.0
2025-03-06,1442.4,1445.8
2025-03-07,1446.8,1449.3
2025-03-10,1452.3,1455.5
2025-03-11,1458.2,1455.0
2025-03-12,1451.0,1452.6
2025-03-13,1453.8,1457.0
2025-03-14,1453.8,1453.0
2025-03-17,1447.9,1445.1
2025-03-18,1452.9,1451.1
2025-03-19,1453.4,1463.0
2025-03-20,1458.9,1466.7
2025-03-21,1462.7,1467.0
2025-03-24,1467.7,1469.7
2025-03-25,1469.2,1463.5
2025-03-26,1466.3,1467.3
2025-03-27,1465.3,1464.6
2025-03-28,1466.5,1469.9
2025-03-31,1472.9,1473.7
2025-04-01,1471.9,1471.4
2025-04-02,1466.6,1463.0
2025-04-03,1467.0,1453.5
2025-04-04,1434.1,1461.0
2025-04-07,1467.8,1472.0
2025-04-08,1473.2,1479.0
2025-04-09,1484.1,1472.0
2025-04-10,1456.4,1455.5
2025-04-11,1449.9,1421.0
2025-04-14,1424.1,1422.5
2025-04-15,1425.5,1427.2
2025-04-16,1426.7,1415.8
2025-04-17,1418.9,1416.6
2025-04-18,1423.3,1423.6
2025-04-21,1419.1,1421.5
2025-04-22,1420.6,1424.0
2025-04-23,1420.6,1427.2
2025-04-24,1435.0,1432.8
2025-04-25,1436.5,1439.8
2025-04-28,1442.6,1436.8
2025-04-29,1437.3,1432.0
2025-04-30,1421.0,1426.9
2025-05-02,1405.3,1401.5
2025-05-07,1398.0,1394.0
2025-05-08,1396.6,1406.9
2025-05-09,1400.0,1398.0
2025-05-12,1402.4,1417.0
2025-05-13,1416.0,1416.3
2025-05-14,1420.2,1404.5
2025-05-15,1394.5,1398.0
2025-05-16,1389.6,1400.0
2025-05-19,1397.8,1388.7
2025-05-20,1392.4,1394.4
2025-05-21,1387.2,1371.8
2025-05-22,1381.3,1382.7
2025-05-23,1375.6,1366.5
2025-05-26,1364.4,1370.5
2025-05-27,1369.5,1376.5
2025-05-28,1376.5,1376.0
2025-05-29,1375.9,1371.1
2025-05-30,1380.1,1383.1
2025-06-02,1373.1,1377.1
2025-06-04,1369.5,1364.1
2025-06-05,1358.4,1356.5
2025-06-09,1356.4,1354.2
2025-06-10,1364.3,1368.0
2025-06-11,1375.0,1370.9
2025-06-12,1358.7,1357.1
2025-06-13,1369.6,1363.5
2025-06-16,1363.8,1358.1
2025-06-17,1362.7,1374.0
2025-06-18,1369.4,1372.3
2025-06-19,1380.2,1379.8
2025-06-20,1365.6,1374.0
2025-06-23,1384.3,1382.0
2025-06-24,1360.2,1361.4
2025-06-25,1362.4,1361.2
2025-06-26,1356.9,1352.9
2025-06-27,1357.4,1361.3
2025-06-30,1350.0,1355.3
2025-07-01,1355.9,1359.0
2025-07-02,1358.7,1355.5
2025-07-03,1359.4,1365.5
2025-07-04,1362.3,1362.5
2025-07-07,1367.8,1377.0
2025-07-08,1367.9,1373.2
2025-07-09,1375.0,1375.2
2025-07-10,1370.0,1373.9
2025-07-11,1375.4,1375.8
2025-07-14,1381.2,1383.0
2025-07-15,1380.2,1388.2
2025-07-16,1385.7,1387.0
2025-07-17,1392.6,1392.2
2025-07-18,1393.0,1391.6
2025-07-21,1388.2,1382.2
2025-07-22,1387.8,1381.0
2025-07-23,1379.8,1375.8
2025-07-24,1367.2,1371.3
2025-07-25,1377.9,1383.7
2025-07-28,1382.0,1389.1
2025-07-29,1391.0,1389.7
2025-07-30,1383.1,1391.8
2025-07-31,1387.0,1392.0
2025-08-01,1401.4,1388.3
2025-08-04,1385.2,1386.5
2025-08-05,1388.3,1386.3
2025-08-06,1389.5,1386.4
2025-08-07,1381.2,1386.0
2025-08-08,1389.6,1387.5
2025-08-11,1388.0,1390.5
2025-08-12,1389.9,1384.4
2025-08-13,1381.7,1379.4
2025-08-14,1382.0,1389.5
2025-08-18,1385.0,1388.1
2025-08-19,1390.9,1392.0
2025-08-20,1398.4,1397.0
2025-08-21,1398.4,1398.8
2025-08-22,1393.2,1383.5
2025-08-25,1384.7,1390.3
2025-08-26,1395.8,1393.2
2025-08-27,1396.3,1394.2
2025-08-28,1387.6,1384.8
2025-08-29,1390.1,1389.8
2025-09-01,1393.7,1394.0
2025-09-02,1391.0,1395.9
2025-09-03,1392.3,1389.7
2025-09-04,1392.5,1395.3
2025-09-05,1391.0,1388.4
2025-09-08,1390.6,1387.0
2025-09-09,1387.9,1387.8
2025-09-10,1386.6,1388.5
2025-09-11,1391.8,1390.7
2025-09-12,1388.2,1395.4
2025-09-15,1389.0,1386.6
2025-09-16,1378.9,1379.5
2025-09-17,1380.1,1376.3
2025-09-18,1387.8,1389.0
2025-09-19,1393.6,1397.0
2025-09-22,1392.6,1391.5
2025-09-23,1392.6,1394.0
2025-09-24,1397.5,1403.8
2025-09-25,1400.6,1409.3
2025-09-26,1412.4,1409.7
2025-09-29,1398.7,1400.4
2025-09-30,1402.9,1405.0
2025-10-01,1403.2,1403.0
2025-10-02,1400.0,1407.0
2025-10-10,1421.0,1427.0
2025-10-13,1425.8,1424.5
2025-10-14,1431.0,1428.1
2025-10-15,1421.3,1422.6
2025-10-16,1417.9,1417.9
2025-10-17,1421.2,1422.2
2025-10-20,1419.2,1420.8
2025-10-21,1427.8,1432.0
2025-10-22,1429.8,1431.0
2025-10-23,1439.6,1437.4
2025-10-24,1437.1,1439.4
2025-10-27,1431.7,1433.4
2025-10-28,1437.7,1432.7
2025-10-29,1431.7,1421.0
2025-10-30,1426.5,1435.0
2025-10-31,1424.4,1433.0
2025-11-03,1428.8,1431.3
2025-11-04,1437.9,1440.6
2025-11-05,1449.4,1441.8
2025-11-06,1447.7,1449.3
2025-11-07,1456.9,1461.5
2025-11-10,1451.4,1456.8
2025-11-11,1463.3,1463.4
2025-11-12,1465.7,1468.9
2025-11-13,1467.7,1466.0
2025-11-14,1457.0,1453.1
2025-11-17,1458.0,1460.4
2025-11-18,1465.3,1461.9
2025-11-19,1465.6,1468.5
2025-11-20,1467.9,1472.2
2025-11-21,1475.6,1471.5
2025-11-24,1477.1,1476.5
2025-11-25,1472.4,1469.3
2025-11-26,1465.6,1468.3
2025-11-27,1464.9,1462.7
2025-11-28,1470.6,1466.8
2025-12-01,1469.9,1468.0
2025-12-02,1468.4,1469.4
2025-12-03,1468.0,1466.9
2025-12-04,1473.5,1473.6
2025-12-05,1468.8,1473.3
2025-12-08,1466.9,1469.8
2025-12-09,1472.3,1469.9
2025-12-10,1470.4,1470.8
2025-12-11,1473.0,1471.9
2025-12-12,1473.7,1477.0
2025-12-15,1471.0,1468.6
2025-12-16,1477.0,1473.0
2025-12-17,1479.8,1474.5
2025-12-18,1478.3,1473.1
2025-12-19,1476.3,1478.0
2025-12-22,1480.1,1481.0
2025-12-23,1483.6,1481.0
2025-12-24,1449.8,1445.7
2025-12-26,1440.3,1442.2
2025-12-29,1429.8,1434.1
2025-12-30,1439.0,1439.5
2026-01-02,1441.8,1444.7
2026-01-05,1443.8,1445.6
2026-01-06,1445.4,1447.1
2026-01-07,1445.8,1447.6
2026-01-08,1450.6,1451.8
2026-01-09,1457.6,1459.0
2026-01-12,1468.4,1468.8
2026-01-13,1473.7,1478.8
2026-01-14,1477.5,1464.0
2026-01-15,1469.7,1469.2
2026-01-16,1473.6,1474.5
2026-01-19,1473.7,1473.1
2026-01-20,1478.1,1476.7
2026-01-21,1471.3,1465.9
2026-01-22,1469.9,1464.5
2026-01-23,1465.8,1462.5
2026-01-26,1440.6,1443.9
2026-01-27,1446.2,1437.5
2026-01-28,1422.5,1436.1
2026-01-29,1426.3,1434.0
2026-01-30,1439.5,1443.5
2026-02-02,1464.3,1451.5
2026-02-03,1445.4,1446.6
2026-02-04,1450.2,1459.5
2026-02-05,1469.0,1463.7
2026-02-06,1469.5,1463.0
2026-02-09,1460.3,1457.7
2026-02-10,1459.1,1457.2
2026-02-11,1450.1,1447.0
2026-02-12,1440.2,1438.6
2026-02-13,1444.9,1444.6
2026-02-19,1445.5,1448.9
2026-02-20,1446.6,1446.6
2026-02-23,1440.0,1442.9
2026-02-24,1442.5,1441.0
2026-02-25,1429.4,1427.8
2026-02-26,1425.8,1433.5
2026-02-27,1439.7,1440.0
2026-03-03,1466.1,1485.7
2026-03-04,1476.2,1462.9
2026-03-05,1468.1,1482.2
2026-03-06,1476.4,1481.6
2026-03-09,1495.5,1473.7
2026-03-10,1469.2,1465.7
2026-03-11,1466.5,1477.0
2026-03-12,1481.2,1488.5
2026-03-13,1493.7,1497.5
2026-03-16,1497.5,1491.9
2026-03-17,1493.6,1488.4
2026-03-18,1483.1,1500.7
2026-03-19,1501.0,1495.0
2026-03-20,1500.6,1504.7
2026-03-23,1517.3,1486.7
2026-03-24,1495.2,1499.9
2026-03-25,1499.7,1501.7
2026-03-26,1507.0,1508.0
2026-03-27,1508.9,1511.4
2026-03-30,1515.7,1518.2
2026-03-31,1530.1,1517.0
2026-04-01,1501.3,1513.3
2026-04-02,1519.7,1510.6
2026-04-03,1505.2,1511.4
2026-04-06,1506.3,1509.8
2026-04-07,1504.2,1501.0
2026-04-08,1470.6,1479.2
2026-04-09,1482.5,1474.7
2026-04-10,1482.5,1483.5
2026-04-13,1489.3,1482.7
2026-04-14,1481.2,1472.7
2026-04-15,1474.2,1475.5
2026-04-16,1474.6,1479.2
2026-04-17,1483.5,1460.0
2026-04-20,1477.2,1472.8
2026-04-21,1468.5,1480.8
2026-04-22,1476.0,1480.3
2026-04-23,1481.0,1479.2
2026-04-24,1484.5,1476.8
2026-04-27,1472.5,1473.6
2026-04-28,1473.6,1473.2
2026-04-29,1479.0,1488.5
2026-04-30,1483.3,1477.5
2026-05-04,1462.8,1478.4
2026-05-06,1455.1,1449.4
2026-05-07,1454.0,1456.0
2026-05-08,1471.7,1462.3
2026-05-11,1472.4,1472.7
2026-05-12,1489.9,1490.9
2026-05-13,1490.6,1489.3
2026-05-14,1491.0,1493.4
2026-05-15,1500.8,1497.5
2026-05-18,1500.3,1492.9
2026-05-19,1507.8,1508.7
2026-05-20,1506.8,1496.7
2026-05-21,1506.1,1508.0
2026-05-22,1517.2,1517.6
2026-05-26,1504.3,1507.2
2026-05-27,1501.2,1500.2
2026-05-28,1502.8,1494.7
2026-05-29,1507.9,1504.8
2026-06-01,1504.3,1512.9
2026-06-02,1516.4,1519.0
2026-06-04,1529.7,1532.0
2026-06-05,1539.1,1559.0
2026-06-08,1535.0,1526.5
2026-06-09,1512.1,1532.7
2026-06-10,1524.2,1520.2
2026-06-11,1528.9,1531.6
2026-06-12,1519.8,1518.3
2026-06-15,1511.1,1515.2
2026-06-16,1511.6,1508.3
2026-06-17,1513.4,1515.5
2026-06-18,1527.1,1540.0
2026-06-19,1527.0,1531.0
2026-06-22,1537.0,1538.9
2026-06-23,1539.1,1533.1
2026-06-24,1541.8,1542.7
2026-06-25,1542.7,1543.1
2026-06-26,1532.0,1535.8
2026-06-29,1545.2,1543.0
2026-06-30,1549.4,1549.5
2026-07-01,1554.9,1551.2
2026-07-02,1555.8,1540.0
2026-07-03,1525.6,1530.0
2026-07-06,1530.3,1530.0
2026-07-07,1528.2,1515.8
2026-07-08,1498.5,1505.0
2026-07-09,1506.1,1505.0
